date,mga_usd,brent,ipc,taux_directeur,reserves_mois_import
2018-01-01,3209.608784478261,69.07727272727273,114.7924,9.5,4.3105
2018-02-01,3139.4000633,65.3175,115.3823,9.5,4.3105
2018-03-01,3111.5910746363634,66.01666666666667,116.1972,9.5,4.3105
2018-04-01,3181.666737095238,72.10600000000001,116.7077,9.5,4.3105
2018-05-01,3218.4782988695656,76.9752380952381,116.9448,9.5,4.3105
2018-06-01,3270.0001645714287,74.4047619047619,117.5745,9.5,4.3105
2018-07-01,3272.7273041363633,74.2540909090909,118.1686,9.5,4.3105
2018-08-01,3306.775914565217,72.52826086956522,118.7162,9.5,4.3105
2018-09-01,3394.8152109499997,78.89099999999999,119.1122,9.5,4.3105
2018-10-01,3480.237669347826,81.03217391304348,119.4707,9.5,4.3105
2018-11-01,3587.9568074545455,64.74818181818182,120.1959,9.5,4.3105
2018-12-01,3535.347460619048,57.36235294117647,121.8561,9.5,4.3105
2019-01-01,3553.4787812608697,59.40954545454545,122.4307,9.5,5.2899
2019-02-01,3535.49752765,63.9605,122.9755,9.5,5.2899
2019-03-01,3537.7452851428575,66.13857142857144,123.287,9.5,5.2899
2019-04-01,3588.4412711363634,71.23333333333333,123.5386,9.5,5.2899
2019-05-01,3633.7557450434783,71.31772727272727,123.8701,9.5,5.2899
2019-06-01,3624.9781869500002,64.2205,124.6776,0.9,5.2899
2019-07-01,3629.5384065652174,63.9191304347826,124.7728,0.9,5.2899
2019-08-01,3685.469025181818,59.041818181818186,125.2243,0.9,5.2899
2019-09-01,3733.8051301428573,62.826666666666675,125.4424,0.9,5.2899
2019-10-01,3657.382808347826,59.71304347826087,125.7429,0.9,5.2899
2019-11-01,3675.677815428571,63.21190476190476,126.029647827148,0.9,5.2899
2019-12-01,3624.426697090909,67.21714285714286,126.7318,0.9,5.2899
2020-01-01,3665.861641782609,63.64545454545455,127.2203,0.9,4.8152
2020-02-01,3695.7296792,55.657000000000004,127.7,0.9,4.8152
2020-03-01,3705.915259977273,32.01136363636363,128.5,0.9,4.8152
2020-04-01,3768.2500717272724,18.3785,129.1,0.9,4.8152
2020-05-01,3806.392529238095,29.378947368421056,129.2,3.1,4.8152
2020-06-01,3815.3976526363635,40.26681818181818,129.6,3.1,4.8152
2020-07-01,3828.8260912608694,43.24217391304348,129.8,3.1,4.8152
2020-08-01,3826.470682095238,44.736000000000004,130.2,3.1,4.8152
2020-09-01,3853.2408846818184,40.90954545454545,130.8,3.1,4.8152
2020-10-01,3916.605700090909,40.18954545454546,131.2,3.1,4.8152
2020-11-01,3906.6214366190475,42.69238095238095,131.6,3.1,4.8152
2020-12-01,3763.4463916086956,49.99363636363637,132.5,3.1,4.8152
2021-01-01,3791.9097655714286,54.774,133.6,3.1,4.5161
2021-02-01,3750.77039335,62.2765,134.1,3.1,4.5161
2021-03-01,3769.0220116086957,65.41,135.05,3.1,4.5161
2021-04-01,3783.2264833636364,64.8065,136.09,3.1,4.5161
2021-05-01,3750.90951252381,68.53421052631579,136.75,3.96,4.5161
2021-06-01,3782.8687905,73.1640909090909,137.42,3.96,4.5161
2021-07-01,3828.544818727273,75.1659090909091,137.9,3.96,4.5161
2021-08-01,3871.347970090909,70.74714285714286,138.51,3.96,4.5161
2021-09-01,3918.663700636364,74.48863636363636,139.01,3.96,4.5161
2021-10-01,3948.504865142857,83.53809523809524,139.23,3.96,4.5161
2021-11-01,3979.217309363636,81.05,139.66,5.5,4.5161
2021-12-01,3958.452772565218,74.1704761904762,140.6,5.5,4.5161
2022-01-01,3981.3413234285713,86.50523809523808,141.6,5.5,4.6218
2022-02-01,3989.2364018,97.12899999999999,142.6,5.5,4.6218
2022-03-01,4006.5233623913045,117.24521739130434,143.5,5.5,4.6218
2022-04-01,4000.9258614285714,104.57526315789474,144.5,5.5,4.6218
2022-05-01,4002.9244582727274,113.33761904761906,145.5,5.5,4.6218
2022-06-01,4038.4687371818186,122.71095238095238,146.9,7.0,4.6218
2022-07-01,4147.465102238096,111.92571428571429,151.4,7.0,4.6218
2022-08-01,4130.924470652174,100.44636363636364,153.7,7.0,4.6218
2022-09-01,4135.732575727273,89.7647619047619,154.8,7.9,4.6218
2022-10-01,4237.188498904761,93.33190476190477,149.5,9.1,4.6218
2022-11-01,4312.474390636364,91.41545454545455,152.5,9.1,4.6218
2022-12-01,4420.292595204545,80.924,155.9,9.1,4.6218
2023-01-01,4398.735410363636,82.50142857142858,157.8,9.1,5.6016
2023-02-01,4298.5861749000005,82.58500000000001,159.2,9.1,5.6016
2023-03-01,4322.238519173913,78.43434782608696,161.3,9.1,5.6016
2023-04-01,4385.7494072,84.63833333333334,162.1,9.1,5.6016
2023-05-01,4409.100345260869,75.466,162.7,9.5,5.6016
2023-06-01,4464.572629818183,74.83909090909091,163.5,9.5,5.6016
2023-07-01,4503.588491904762,80.10809523809523,163.7,9.5,5.6016
2023-08-01,4483.646344217392,86.14772727272727,164.3,9.5,5.6016
2023-09-01,4499.259126238096,93.72238095238096,165.0,10.0,5.6016
2023-10-01,4527.216944727273,90.59590909090909,165.4,10.0,5.6016
2023-11-01,4507.350040409091,82.94,165.9,10.0,5.6016
2023-12-01,4577.061319095238,77.63105263157895,167.5,10.0,5.6016
2024-01-01,4568.736384739131,80.12409090909091,169.0,10.0,5.5997
2024-02-01,4543.010825095238,83.47809523809524,170.9,10.0,5.5997
2024-03-01,4471.475362619048,85.4085,173.0,10.0,5.5997
2024-04-01,4386.919946636363,89.93809523809524,173.9,10.0,5.5997
2024-05-01,4439.772399391304,81.74619047619048,174.6,10.0,5.5997
2024-06-01,4474.0253462,82.24600000000001,175.2,10.0,5.5997
2024-07-01,4516.659653434783,85.15304347826087,176.0,10.0,5.5997
2024-08-01,4576.396670227273,80.3552380952381,177.1,10.0,5.5997
2024-09-01,4547.018144666667,74.01666666666667,177.9,10.5,5.5997
2024-10-01,4588.874701434783,75.63260869565217,178.5,10.5,5.5997
2024-11-01,4652.07032952381,74.3452380952381,179.5,10.5,5.5997
2024-12-01,4695.608337772727,73.8595,181.9,10.5,5.5997
2025-01-01,4702.26340652174,79.27045454545454,185.0,10.5,5.7813
2025-02-01,4712.8345291,75.438,186.6,10.5,5.7813
2025-03-01,4681.395831952381,72.73285714285714,187.6,10.5,5.7813
2025-04-01,4582.657077181819,68.1345,188.2,10.5,5.7813
2025-05-01,4501.433542181819,64.453,188.8,10.5,5.7813
2025-06-01,4468.379745190476,71.4447619047619,189.7,12.0,5.7813
2025-07-01,4432.072451086957,71.04130434782608,190.0,12.0,5.7813
2025-08-01,4438.8483185714285,67.87,190.7,12.0,5.7813
2025-09-01,4459.057265090909,67.98545454545454,191.3,12.0,5.7813
2025-10-01,4494.424778913043,64.54347826086956,191.8366,12.0,5.7813
2025-11-01,4492.1028483499995,63.797000000000004,192.4362,12.0,5.7813
2025-12-01,4523.317964478261,62.54428571428572,194.992,12.0,5.7813
2026-01-01,4541.754632727273,66.60238095238095,196.4025,12.0,5.6205
2026-02-01,4360.4376357,70.887,,12.0,5.6205
2026-03-01,4170.6701565,103.13454545454546,,12.0,5.6205
2026-04-01,4149.127097454546,117.2875,,12.0,5.6205
2026-05-01,4179.852226380953,107.13947368421053,,12.0,5.6205
2026-06-01,4206.524474181818,85.3990909090909,,12.0,5.6205
2026-07-01,4273.18197875,74.68,,12.0,5.6205
