date_effet,fdd_pct,fpm_pct,taux_directeur_pct,methode,source,commentaire
2018-01-01,,,9.50,valeur_officielle_unique,"Rapport annuel BFM 2018","Maintenu a 9.50% toute l'annee 2018 (decisions du 4 mai et du 2 novembre 2018 : statu quo)"
2019-01-01,,,9.50,valeur_officielle_unique,"Note BFM Direction des Operations Monetaires, 25/10/2019 (graphique 'avant le 3 mai 2019')","Taux directeur a un an, ancien regime, confirme jusqu'au 3 mai 2019"
2019-05-03,0.00,4.40,0.90,taux_directeur_1jour_CONFIRME,"Note BFM Direction des Operations Monetaires, 25/10/2019 (graphique 'apres le 3 mai 2019')","Instauration formelle du corridor. Taux directeur a 1 jour = 0.90% introduit ; l'ancien taux directeur a 1 an (9.50%) reste publie en parallele durant la transition. Deux taux directeurs coexistent officiellement a cette date - CONFIRME par document primaire."
2019-10-25,0.00,4.40,0.90,taux_directeur_1jour_CONFIRME,"Note BFM, 25/10/2019 (date de publication de la note elle-meme)","La note elle-meme ne signale AUCUN changement de taux a cette date - elle decrit retrospectivement la reforme du 3 mai 2019. Pas de nouvelle decision confirmee ici, contrairement a ce qu'une reconstruction anterieure affirmait (numero d'instruction et valeurs 0.90/5.30 a cette date NON retrouves dans le document source)."
2020-05-01,0.90,5.30,3.10,corridor_DATE_INCERTAINE,"Midi Madagasikara, 14/05/2020 (FDD) + Madagascar-Tribune 12/05/2021 (FPM, retrospectif 'auparavant')","FDD=0.90%/FPM=5.30% confirmes comme valeurs EN VIGUEUR a cette date, mais la date exacte du changement depuis 0%/4.40% (entre nov.2019 et mai 2020) reste non documentee avec precision."
2021-05-01,1.76,6.16,3.96,midpoint_corridor,"Madagascar-Tribune, 12/05/2021","Hausse du corridor : FDD 0.90%->1.76%, FPM 5.30%->6.16%"
2021-11-01,3.80,7.20,5.50,midpoint_corridor,"2424.mg (recapitulatif), 10/05/2023","Cite comme 1ere hausse de la sequence 2021-2023"
2022-05-03,6.00,8.00,7.00,midpoint_corridor,"Orange.mg + L'Express Madagascar, 04-05/05/2022","3e resserrement consecutif depuis nov. 2021"
2022-08-03,6.90,8.90,7.90,midpoint_corridor,"Madagascar Newsroom, 21/08/2022","Taux appliques a compter du 3 aout 2022"
2022-10-01,8.10,10.10,9.10,midpoint_corridor,"2424.mg (recapitulatif), 10/05/2023","Rehausse en octobre 2022"
2023-02-01,8.10,10.10,9.10,midpoint_corridor,"2424.mg (recapitulatif), 10/05/2023","Maintenu en fevrier 2023 (statu quo)"
2023-05-01,8.50,10.50,9.50,midpoint_corridor,"2424.mg, 10/05/2023","Nouvelle hausse en mai 2023"
2023-08-08,9.00,11.00,10.00,midpoint_corridor,"Moov.mg / L'Express Madagascar, 09/11/2023","Taux appliques depuis le 8 aout 2023"
2023-11-01,9.00,11.00,10.00,midpoint_corridor,"L'Express Madagascar, 09/11/2023","Maintenu (statu quo)"
2024-05-01,9.00,11.00,10.00,midpoint_corridor,"Gasigasy.mg / 2424.mg, 10/05/2024","Maintenu (statu quo)"
2024-08-09,9.50,11.50,10.50,midpoint_corridor,"Le Courrier du Vietnam, 10/08/2024","Hausse ; presentee par la DG Tresor FR comme 1ere hausse du 'taux directeur' en tant qu'instrument principal (+50 pdb)"
2025-02-28,9.50,11.50,10.50,midpoint_corridor,"2424.mg, 28/02/2025","Maintenu (statu quo)"
2025-05-06,11.00,13.00,12.00,taux_directeur_unique,"Actu Orange.mg 08/05/2025 ; DG Tresor FR (fiche pays, dec. 2025)","Bascule vers taux directeur unique comme instrument principal ; hausse de +150 pdb (10.5%->12%) ; FDD/FPM deduits par symetrie +/-1pt (non confirmes officiellement)"
2025-08-06,,,12.00,taux_directeur_unique,"2424.mg, 06/08/2025","Maintenu ; FDD et FPM non communiques officiellement depuis mai 2025"
2026-02-04,,,12.00,taux_directeur_unique,"2424.mg, 04/02/2026","Maintenu"
2026-05-01,,,12.00,taux_directeur_unique,"Presse (recoupement), mai 2026","Maintenu"
