date,Vrai_Prix,Pred_SVR,Pred_MLP,Pred_XGBoost,Pred_LSTM,Pred_Ensemble,Pred_Benchmark (Marche Aléatoire)
2025-07-30,4429.999715,4430.221205604901,4431.595539029572,4433.329990181323,4431.031525036389,4431.5445649630465,4429.999678
2025-07-31,4430.000183,4430.221243028721,4431.595555267542,4432.8557346930675,4431.031490360839,4431.426005837542,4429.999715
2025-08-01,4430.000347,4430.221711721807,4431.595989370812,4431.369957346035,4431.031841089595,4431.054874882063,4430.000183
2025-08-04,4482.267785,4430.221875232831,4431.596177279558,4431.370121346035,4431.032087734544,4431.055065398243,4430.000347
2025-08-05,4435.000234,4457.93040176089,4458.864181854288,4464.332096692578,4469.7355538385655,4462.71555853658,4482.267785
2025-08-06,4434.999879,4440.189351993747,4446.973638234852,4446.421630804174,4448.642862702654,4445.556870933857,4435.000234
2025-08-07,4435.000313,4435.221406399435,4436.595750095819,4438.786010673283,4436.0317608389,4436.658732001859,4434.999879
2025-08-08,4409.78827,4435.22184166703,4436.596122044852,4436.370087346035,4436.031980384949,4436.055007860716,4435.000313
2025-08-11,4435.000318,4413.526619196139,4415.912438080511,4417.585341478623,4417.654860506354,4416.169814815406,4409.78827
2025-08-12,4439.999758,4431.329953382238,4426.949247130498,4424.307333431675,4429.273634394462,4427.965042084719,4435.000318
2025-08-13,4439.99957,4440.2762711027735,4441.020855002452,4439.948811887994,4439.674415195387,4440.230088297152,4439.999758
2025-08-14,4439.999572,4440.221097667461,4441.5954279624875,4442.939840315067,4441.031406507528,4441.4469431131365,4439.99957
2025-08-15,4440.000347,4440.221099972564,4441.595415020114,4442.855591693067,4441.031356788354,4441.425865868525,4439.999572
2025-08-18,4439.999886,4440.221876216378,4441.59612922541,4440.292657761568,4441.031921651678,4440.785646213759,4440.000347
2025-08-19,4434.999644,4440.221413229528,4441.595765431835,4443.1622706941525,4441.031796650092,4441.502811501402,4439.999886
2025-08-20,4403.227604,4435.334361903956,4436.976383157315,4437.630728284165,4437.391838037783,4436.833327845805,4434.999644
2025-08-21,4435.000071,4408.115660443437,4411.168957405755,4411.024675478623,4412.8426810864075,4410.787993603556,4403.227604
2025-08-22,4426.39979,4427.044396435992,4422.652775098261,4429.681003559279,4427.568244125165,4426.736604804674,4435.000071
2025-08-25,4459.999673,4427.01475212225,4428.772778396119,4429.030874284165,4429.771809157339,4428.647553489969,4426.39979
2025-08-26,4460.000241,4450.603545215651,4446.467146201921,4441.291459889105,4452.098398146353,4447.615137363257,4459.999673
2025-08-27,4462.500677,4460.221769882768,4461.596039505939,4461.207934548447,4461.031871952448,4461.0144039724,4460.000241
2025-08-28,4396.630364,4462.743463601392,4463.864943822465,4462.4497308879945,4462.8531517864,4462.977822524563,4462.500677
2025-08-29,4475.000347,4402.0117127342055,4412.518149465235,4405.941930772249,4414.847290875967,4408.829770961915,4396.630364
2025-09-01,4407.544338,4456.902338923157,4446.306641986335,4437.638673447828,4456.602152889458,4449.362451811694,4475.000347
2025-09-02,4474.99982,4413.191914763821,4423.714526003001,4416.855904772249,4426.135451599568,4419.97444928466,4407.544338
2025-09-03,4475.000354,4449.720930827683,4447.4985464283345,4437.822123619281,4458.959346361273,4448.500236809143,4474.99982
2025-09-04,4463.519313,4475.2218828280975,4476.596155180005,4476.208047548447,4476.0319941596945,4476.014519929061,4475.000354
2025-09-05,4470.000347,4464.494594070212,4466.339592561345,4466.079213374823,4467.67483094125,4466.147057736907,4463.519313
2025-09-08,4477.503093,4470.287890251958,4470.743324165418,4471.325758057403,4469.273801912966,4470.407693596936,4470.000347
2025-09-09,4472.533829,4477.7889585449,4478.016636009262,4478.061883263027,4476.500208579472,4477.591921599165,4477.503093
2025-09-10,4472.498647,4472.866934119387,4474.50783209979,4475.164913284165,4474.9175913146455,4474.364317704497,4472.533829
2025-09-11,4469.999588,4472.720122868181,4474.097252366252,4475.661031694153,4473.539996795769,4474.004600931089,4472.498647
2025-09-12,4475.000347,4470.243667025853,4471.778984484393,4472.5737729110215,4471.7110756842185,4471.576875026371,4469.999588
2025-09-15,4474.999909,4475.276874906543,4476.021223433477,4476.325758057403,4474.674646918984,4475.574625829102,4475.000347
2025-09-16,4469.999843,4475.221436266431,4476.595786623085,4478.786040673283,4476.03181339445,4476.658769239312,4474.999909
2025-09-17,4392.800875,4470.3345517042235,4471.976566585854,4472.6309272841645,4472.391989283451,4471.833508714423,4469.999843
2025-09-18,4465.000184,4400.700534974854,4410.538244171882,4408.380677335162,4413.631306525674,4408.312690751893,4392.800875
2025-09-19,4422.859379,4442.314258305031,4436.834489066621,4427.638510447829,4447.917538174354,4438.676198998459,4465.000184
2025-09-22,4464.999742,4428.287918979272,4433.564466529837,4430.564380833886,4435.188125709092,4431.901223013021,4422.859379
2025-09-23,4465.000166,4448.189060017372,4446.3319410272525,4443.898038132794,4454.940440131036,4448.339869827113,4464.999742
2025-09-24,4455.000083,4465.221694651042,4466.595975831332,4466.369940346035,4466.031836028178,4466.054861714147,4465.000166
2025-09-25,4449.999782,4455.7752089688065,4457.575442556678,4457.631167284165,4458.7529149264865,4457.433683434034,4455.000083
2025-09-26,4450.000347,4450.334502988046,4451.976526377361,4452.630866284165,4452.391992249584,4451.833471974789,4449.999782
2025-09-29,4464.999821,4450.221875878024,4451.596145741887,4451.208040548448,4451.031978745416,4451.014510228444,4450.000347
2025-09-30,4465.000025,4464.76048994139,4462.821631181347,4465.558611263027,4461.979816558477,4463.78013723606,4464.999821
2025-10-01,4465.000268,4465.22155329729,4466.595852133711,4466.3697993460355,4466.031754853253,4466.054739907572,4465.000025
2025-10-02,4465.999981,4465.221796359796,4466.5960920664975,4466.370042346035,4466.031987236284,4466.054979502153,4465.000268
2025-10-03,4473.000347,4466.226359411257,4467.512677733768,4465.9490348879945,4466.760056466303,4466.612032124831,4465.999981
2025-10-06,4472.999704,4473.288212033907,4473.630698595922,4474.325758057403,4472.133304090436,4473.344493194417,4473.000347
2025-10-07,4460.035509,4473.221230937993,4474.595597744418,4476.162088694153,4474.031664122521,4474.502645374771,4472.999704
2025-10-08,4475.000132,4461.2411703535145,4463.13139197167,4462.595409374823,4464.594029791019,4462.890500372757,4460.035509
2025-10-09,4500.118994,4474.766276421023,4472.838358398913,4475.558922263027,4471.98945463126,4473.788252928556,4475.000132
2025-10-10,4478.801059,4496.498009592492,4492.127956930443,4489.426009431675,4494.416740875676,4493.117179207572,4500.118994
2025-10-13,4485.161045,4481.69430103384,4483.870000279711,4482.9366533410775,4485.620856250918,4483.530452726387,4478.801059
2025-10-14,4504.999601,4485.448203164656,4485.9291096320685,4486.486456057402,4484.467257974107,4485.582756707059,4485.161045
2025-10-15,4492.973289,4503.617123435849,4500.26128995113,4501.855989319367,4500.690098525304,4501.606125307912,4504.999601
2025-10-16,4515.000234,4494.029908599669,4495.891482514241,4495.5331893748225,4497.277004312583,4495.682896200329,4492.973289
2025-10-17,4460.819847,4512.822806760295,4508.956340540248,4511.505978657018,4510.11154938099,4510.849168834638,4515.000234
2025-10-20,4464.860688,4465.6083902918945,4474.3774345964775,4470.603719257432,4476.199890326594,4471.697358618099,4460.819847
2025-10-21,4515.00011,4465.125034853016,4466.030329931106,4464.809741887994,4464.795198976196,4465.190076412078,4464.860688
2025-10-22,4514.999675,4491.923642766362,4492.452586766346,4496.000215551742,4502.979162430517,4495.838901878742,4515.00011
2025-10-23,4519.99965,4515.221202271415,4516.59555238716,4517.886036314589,4516.031578645536,4516.433592404675,4514.999675
2025-10-24,4530.000347,4520.276169107992,4521.02065754295,4519.117683069121,4519.674162170243,4520.022167972576,4519.99965
2025-10-27,4519.999388,4530.23082261563,4529.813886076525,4530.502819989404,4528.323141649542,4529.717667582776,4530.000347
2025-10-28,4521.999576,4520.774623146613,4522.574883132302,4522.370539999465,4523.752458521924,4522.368126200076,4519.999388
2025-10-29,4515.000255,4522.23601578058,4523.417167029423,4521.985402440736,4522.487878905005,4522.531616038936,4521.999576
2025-10-30,4509.999869,4515.467403738811,4517.176247812111,4517.448404602086,4517.936583203878,4517.007159839222,4515.000255
2025-10-31,4510.000347,4510.3345944313205,4511.976620897828,4512.448018602086,4512.392102686212,4511.787834154362,4509.999869
2025-11-03,4484.999936,4510.221875737855,4511.596152584329,4510.283521243543,4511.032002446367,4510.783388003023,4510.000347
2025-11-04,4484.999976,4488.694097169776,4491.065841388178,4492.951102774123,4492.809786608007,4491.380206985021,4484.999936
2025-11-05,4499.999994,4485.2215040335395,4486.595816031607,4487.719979905229,4486.031750435709,4486.392262601521,4484.999976
2025-11-06,4499.999885,4499.760577190456,4497.821547677658,4500.502466989404,4496.979843652256,4498.766108877444,4499.999994
2025-11-07,4492.856402,4500.221412794396,4501.595736749639,4502.719888905229,4501.031700053322,4501.392184625647,4499.999885
2025-11-10,4494.683382,4493.335316717173,4495.048681199622,4495.304551602087,4495.831967347055,4494.8801292164835,4492.856402
2025-11-11,4487.500648,4494.917794755727,4496.118473725592,4494.669208440736,4495.21872448466,4495.231050351679,4494.683382
2025-11-12,4500.00026,4487.98281887353,4489.697409780499,4489.948797602086,4490.486896924774,4489.528980795222,4487.500648
2025-11-13,4499.999932,4500.069117820228,4498.912908973978,4500.502732989404,4497.650571644591,4499.28383285705,4500.00026
2025-11-14,4495.000347,4500.221459442888,4501.59580097248,4503.081146314591,4501.031806525966,4501.482553313981,4499.999932
2025-11-17,4494.999794,4495.335030564001,4496.97702803132,4497.448496602086,4497.3923623555265,4496.788229388233,4495.000347
2025-11-18,4484.999983,4495.2213210822,4496.595680666799,4497.886155314589,4496.031729628602,4496.433721673047,4494.999794
2025-11-19,4489.999812,4485.775075071311,4487.575300462404,4487.297258345004,4488.752741620945,4487.350093874916,4484.999983
2025-11-20,4512.408036,4490.276329469488,4491.020843956949,4489.117845069121,4489.674363730565,4490.022345556531,4489.999812
2025-11-21,4490.000347,4510.073055665433,4506.129655496731,4505.6440959079455,4507.41871838033,4507.31638136261,4512.408036
2025-11-24,4484.999506,4493.134618442457,4495.3601164025085,4493.967255775934,4497.113655407358,4494.893911507064,4490.000347
2025-11-25,4490.603876,4485.334255217482,4486.976298155655,4487.447655602086,4487.391863213096,4486.787518047079,4484.999506
2025-11-26,4492.502138,4490.886382517188,4491.518886623537,4492.495431432411,4490.114658570686,4491.253839785955,4490.603876
2025-11-27,4483.337433,4492.737372770956,4493.930084491969,4492.487964440736,4493.018121191774,4493.043385723859,4492.502138
2025-11-28,4478.16528,4484.013520790982,4485.788587632744,4485.785582602086,4486.863021626553,4485.612678163091,4483.337433
2025-12-01,4474.976311,4478.509185056796,4480.15737673287,4480.613429602086,4480.604267290555,4479.971064670577,4478.16528
2025-12-02,4494.999657,4475.237753259634,4476.806452373304,4477.424460602087,4476.875532412211,4476.586049661809,4474.976311
2025-12-03,4485.000377,4493.557137835154,4490.154045079084,4485.201710530033,4490.641146246933,4489.888509922801,4494.999657
2025-12-04,4485.000129,4485.775402899003,4487.575612288808,4487.811913622123,4488.752991124447,4487.478979983595,4485.000377
2025-12-05,4487.000347,4485.221656571229,4486.595991681074,4488.081343314591,4486.031981807439,4486.482743343583,4485.000129
2025-12-08,4459.342301,4487.236787140136,4488.4179349571305,4486.986173440736,4487.488641777078,4487.53238432877,4487.000347
2025-12-09,4489.999952,4463.565433911863,4466.143458005906,4467.293467774122,4467.863247073099,4466.2164016912475,4459.342301
2025-12-10,4442.06926,4482.876668018647,4478.382854696211,4496.601945096662,4482.855742939036,4485.179302687639,4489.999952
2025-12-11,4504.999396,4447.216208373912,4454.201081207071,4456.170875839813,4455.880318050836,4453.367120867908,4442.06926
2025-12-12,4510.000347,4478.423660374073,4478.37916270793,4473.4930955657255,4489.97742813627,4480.068336695999,4504.999396
2025-12-15,4509.9998,4510.276877060991,4511.021191322555,4511.891902432411,4509.674594759272,4510.7161413938065,4510.000347
2025-12-16,4514.999535,4510.221327091803,4511.595686194955,4512.886161314588,4511.031734086719,4511.433727172016,4509.9998
2025-12-17,4525.000213,4515.27605141433,4516.020582675252,4514.117568069121,4514.674112105559,4515.022078566066,4514.999535
2025-12-18,4528.000221,4525.230689388208,4524.813758167603,4525.502685989404,4523.323012936,4524.717536620304,4525.000213
2025-12-19,4548.055164,4528.249862469156,4529.30672735306,4527.986047440736,4528.217095359915,4528.439933155717,4528.000221
2025-12-22,4547.499356,4546.602249683976,4543.191146001929,4538.257217530033,4543.688274917016,4542.934722033238,4548.055164
2025-12-23,4560.000311,4547.7211398000945,4549.13785350845,4548.7171866827,4548.682257649772,4548.564609410254,4547.499356
2025-12-24,4573.672337,4560.069046068256,4558.912423215881,4560.502783989404,4557.650262108205,4559.283628845436,4560.000311
2025-12-25,4573.672337,4573.617241077588,4572.0958110068195,4574.174809989404,4571.007955358717,4572.723954358132,4573.672337
2025-12-26,4573.672337,4573.893864969423,4575.268180177404,4576.392340905229,4574.704122361054,4575.064627103277,4573.672337
2025-12-29,4574.999864,4573.893864969423,4575.268180177404,4576.392340905229,4574.704122361054,4575.064627103277,4573.672337
2025-12-30,4580.000023,4575.229062386961,4576.482915589905,4574.985690440736,4575.670873950032,4575.592135591908,4574.999864
2025-12-31,4593.353608,4580.276544173242,4581.02099977382,4580.064334079733,4579.674485301329,4580.259090832031,4580.000023
2026-01-01,4593.353608,4593.335599799773,4591.913975169924,4593.856080989404,4590.774645287775,4592.4700753117195,4593.353608
2026-01-02,4580.000347,4593.575135969423,4594.949451177405,4596.073611905229,4594.385393361054,4594.745898103278,4593.353608
2026-01-05,4594.999621,4581.2710872598245,4583.173247215768,4582.371498999465,4584.664528917408,4582.870090598117,4580.000347
2026-01-06,4597.000145,4594.760321465364,4592.821525482182,4595.502093989404,4591.979670127911,4593.765902766215,4594.999621
2026-01-07,4595.000324,4597.23658880857,4598.417701618922,4596.985971440736,4597.4883566915905,4597.532154639955,4597.000145
2026-01-08,4594.999974,4595.235124769367,4596.743775584674,4597.448473602086,4596.575982420214,4596.500839094086,4595.000324
2026-01-09,4582.503755,4595.221501407499,4596.595844702609,4598.081188314592,4596.031854517285,4596.482597235496,4594.999974
2026-01-12,4560.000217,4583.633635290293,4585.509540202506,4584.874906999465,4586.93515200053,4585.2383086231985,4582.503755
2026-01-13,4554.999705,4563.155610137469,4565.385769150918,4564.396295531916,4567.13932120427,4565.019249006144,4560.000217
2026-01-14,4549.999851,4555.334437017918,4556.976468045945,4557.482539400688,4557.391972871968,4556.79635433413,4554.999705
2026-01-15,4549.999988,4550.334548623419,4551.976555829728,4552.482685400688,4552.391939661066,4551.7964323787255,4549.999851
2026-01-16,4555.000347,4550.221516189462,4551.595820402998,4551.405953168207,4551.03173609153,4551.063756463049,4549.999988
2026-01-19,4532.383069,4555.2768704179025,4556.021290328098,4557.630406063884,4554.67475520325,4555.900830503284,4555.000347
2026-01-20,4554.999535,4535.563500824787,4537.799255125428,4536.259101460818,4539.552778972441,4537.293659095869,4532.383069
2026-01-21,4535.000174,4552.5760839104805,4548.592318163388,4550.840911187766,4549.955290384396,4550.491150911508,4554.999535
2026-01-22,4514.999576,4537.601958261607,4539.723966193633,4538.017301297924,4541.464297348258,4539.201880775356,4535.000174
2026-01-23,4523.383593,4517.601632434909,4519.723687970446,4518.875608460818,4521.46403486208,4519.416240932063,4514.999576
2026-01-26,4502.736842,4523.659435084997,4523.673075732945,4523.949099629898,4522.142591213142,4523.356050415246,4523.383593
2026-01-27,4475.000281,4505.481473864278,4507.629064214948,4506.612874460818,4509.375666196918,4507.27476968424,4502.736842
2026-01-28,4459.737093,4479.2380461609755,4481.823234353911,4483.053164850954,4483.542186818897,4481.914158046185,4475.000281
2026-01-29,4475.00012,4461.352507940819,4463.3138801130835,4462.383449859228,4464.919573638162,4462.992352887823,4459.737093
2026-01-30,4437.503755,4474.718221000205,4472.696738809612,4475.565626629898,4471.909600914626,4473.722546838585,4475.00012
2026-02-02,4449.999757,4442.89648565658,4446.99884565278,4446.434329615984,4448.625558402425,4446.238804831942,4437.503755
2026-02-03,4429.877932,4450.068944569235,4448.913848513456,4450.565263629898,4447.651038533285,4449.299773811468,4449.999757
2026-02-04,4427.744491,4432.506678260457,4434.63342162428,4433.753964460818,4436.375112975312,4434.317294330217,4429.877932
2026-02-05,4440.000003,4427.981515891756,4429.497530529973,4430.227325400689,4429.356502096088,4429.265718479626,4427.744491
2026-02-06,4426.402808,4440.090474004931,4439.009295133611,4440.565509629899,4437.715903015124,4439.345295445891,4440.000003
2026-02-09,4435.000025,4427.715284451364,4429.624947096272,4428.7864843216075,4431.133223940588,4429.314984952458,4426.402808
2026-02-10,4435.999786,4435.272029487923,4435.231578883702,4435.565531629899,4433.701451402635,4434.9426478510395,4435.000025
2026-02-11,4430.000304,4436.226164784907,4437.512478490216,4436.681326820723,4436.759848426374,4436.794954630555,4435.999786
2026-02-12,4405.000174,4430.394138374351,4432.070734878654,4432.483138400688,4432.664488026661,4431.903124920089,4430.000304
2026-02-13,4395.000347,4408.694276302353,4411.066002075264,4413.053057850954,4412.809949892743,4411.4058215303285,4405.000174
2026-02-16,4364.820023,4395.775441065201,4397.575666938508,4397.384023321608,4398.753109497681,4397.372060205749,4395.000347
2026-02-17,4370.464135,4369.477299626884,4372.321258130509,4372.725896817925,4374.012803077312,4372.134314413157,4364.820023
2026-02-18,4344.999982,4370.746972447417,4371.371823431669,4372.308919558975,4369.964154608,4371.097967511516,4370.464135
2026-02-19,4335.000049,4348.7905722734395,4351.193643492831,4353.052865850955,4352.934135544894,4351.49280429053,4344.999982
2026-02-20,4325.000347,4335.775156275305,4337.575385342791,4337.383725321608,4338.752840749411,4337.3717769222785,4335.000049
2026-02-23,4268.918106,4325.775425487602,4327.575647594044,4327.384023321608,4328.753075664355,4327.372043016901,4325.000347
2026-02-24,4272.161306,4273.655346681585,4282.884868484634,4281.3596720510595,4284.768694773935,4280.667145497804,4268.918106
2026-02-25,4191.363251,4272.4143875254,4273.437920323436,4272.079049831554,4272.3121866062165,4272.560886071652,4272.161306
2026-02-26,4250.999541,4200.084557671598,4209.610231824707,4214.178552690286,4212.993992948576,4209.216833783792,4191.363251
2026-02-27,4210.000347,4224.320733670071,4225.191666735885,4216.974462181752,4236.73348154724,4225.805086033737,4250.999541
2026-03-02,4200.000186,4215.447680958638,4220.41303061896,4219.095613086443,4222.033824629392,4219.247537323358,4210.000347
2026-03-03,4185.000246,4200.77532168979,4202.575557628029,4202.383862321608,4203.753039072316,4202.371945177935,4200.000186
2026-03-04,4181.999947,4186.565836082373,4188.51897010063,4187.383922321607,4190.111331270529,4188.145014943785,4185.000246
2026-03-05,4131.647837,4182.25609753248,4183.816031873782,4184.4827814006885,4183.847825810524,4183.6006841543685,4181.999947
2026-03-06,4185.000347,4136.638148411883,4144.346640782362,4144.08940305106,4146.070807414283,4142.786249914897,4131.647837
2026-03-09,4180.00013,4160.111068703114,4161.188814261339,4166.367336915696,4172.209200668245,4164.969105137099,4185.000347
2026-03-10,4170.000313,4180.33484659725,4181.976866945441,4182.482964400689,4182.392317341603,4181.796748821246,4180.00013
2026-03-11,4170.000142,4170.775405818948,4172.575631390942,4172.383989321607,4173.753073030667,4172.372024890541,4170.000313
2026-03-12,4159.592898,4170.221669694691,4171.595998625549,4172.816518197542,4171.031973881878,4171.416540099915,4170.000142
2026-03-13,4155.000347,4160.419959319216,4162.232469900718,4161.976574321608,4163.456464642136,4162.021367045919,4159.592898
2026-03-16,4154.999709,4155.314872239704,4156.941809136145,4157.483181400688,4157.28157160343,4156.755358594992,4155.000347
2026-03-17,4165.000136,4155.221235945941,4156.595602351219,4157.3647720579775,4156.03166784496,4156.303319550025,4154.999709
2026-03-18,4170.000104,4165.230622593999,4164.813761632846,4165.565642629898,4163.323003778867,4164.733257658902,4165.000136
2026-03-19,4164.999969,4170.276623029431,4171.021112713497,4169.600362327054,4169.674618020503,4170.143179022622,4170.000104
2026-03-20,4170.000347,4165.334681310828,4166.976698690538,4167.482803400689,4167.3921339622675,4166.796579341081,4164.999969
2026-03-23,4165.00007,4170.276870631147,4171.021287150699,4172.630406063884,4169.674749916793,4170.900828440631,4170.000347
2026-03-24,4167.402285,4165.334789733374,4166.976812253948,4167.482904400688,4167.392273729621,4166.796695029408,4165.00007
2026-03-25,4169.999816,4167.643775907839,4168.777362746776,4167.320028831554,4167.781425513911,4167.88064825002,4167.402285
2026-03-26,4163.217544,4170.243903086242,4171.35322460479,4169.917559831553,4170.325932400298,4170.46015498072,4169.999816
2026-03-27,4175.000347,4163.667549697403,4165.369536108336,4165.700378400688,4166.094795691415,4165.20806497446,4163.217544
2026-03-30,4192.881264,4175.128827807775,4174.191563326166,4175.565853629899,4172.843325694511,4174.432392614587,4175.000347
2026-03-31,4177.999459,4192.057752647926,4189.240556333358,4193.759583814777,4189.092045134548,4191.037484482653,4192.881264
2026-04-01,4174.999845,4179.542916482994,4181.4923633702465,4180.383135321607,4183.0784995286895,4181.124228675884,4177.999459
2026-04-02,4164.999652,4175.255977078393,4176.815879122068,4177.4826794006885,4176.847537551013,4176.600518288041,4174.999845
2026-04-03,4171.343141,4165.774791677901,4167.575028580404,4167.383328321608,4168.752513883078,4167.3714156157475,4164.999652
2026-04-06,4160.999555,4171.630238257042,4172.114591041305,4173.187925558975,4170.653818827813,4171.896643421283,4171.343141
2026-04-07,4165.498701,4161.818339660402,4163.628929641825,4163.383231321608,4164.845810256717,4163.419077720138,4160.999555
2026-04-08,4137.498433,4165.7691678173005,4166.600197265936,4164.881023451906,4165.308950802321,4165.6398348343655,4165.498701
2026-04-09,4150.000264,4141.784859604371,4144.394604327174,4144.885952765583,4146.110715662428,4144.294033089889,4137.498433
2026-04-10,4145.000347,4150.068918977693,4148.9120260744785,4150.21018539104,4147.649980037072,4149.210277620071,4150.000264
2026-04-13,4135.00019,4145.335047916118,4146.977057403436,4146.894898796394,4147.392452753946,4146.649864217474,4145.000347
2026-04-14,4129.999849,4135.775325191248,4137.575561008983,4136.894741796394,4138.753042015023,4137.249667502912,4135.00019
2026-04-15,4136.999485,4130.334572078995,4131.9765969163955,4131.894400796394,4132.392070351144,4131.649410035732,4129.999849
2026-04-16,4151.952462,4137.287351201972,4137.630000658368,4137.520750585084,4136.132639627723,4137.142685518286,4136.999485
2026-04-17,4139.000347,4151.720428204698,4149.7961668716625,4152.16238339104,4148.944901526469,4150.655969998467,4151.952462
2026-04-20,4145.999756,4140.204017554923,4142.093869033928,4140.939709980119,4143.555586663205,4141.698295808043,4139.000347
2026-04-21,4140.000272,4146.287622564418,4146.630322671717,4146.521021585084,4145.132971950627,4146.142984692961,4145.999756
2026-04-22,4137.000403,4140.394106506541,4142.070703077422,4141.894823796394,4142.664456379092,4141.756022439862,4140.000272
2026-04-23,4145.000072,4137.256541947364,4138.816456014813,4138.894954796394,4138.848164803603,4138.454029390544,4137.000403
2026-04-24,4145.503755,4145.281391025861,4145.39030677297,4145.298345444834,4143.862891652399,4144.958233724016,4145.000072
2026-04-27,4145.00025,4145.7269548256845,4147.058927291939,4143.72456736877,4146.398628738977,4145.727269556342,4145.503755
2026-04-28,4148.999957,4145.2219079404795,4146.634814372798,4146.308461084071,4146.168929714037,4146.083528277846,4145.00025
2026-04-29,4149.999629,4149.2637357682515,4150.175468170684,4148.382279451906,4148.9456230177975,4149.19177660216,4148.999957
2026-04-30,4159.999779,4150.226007092171,4151.5123293584475,4149.441491586672,4150.759715611916,4150.484885912301,4149.999629
2026-05-01,4150.000347,4160.23027685564,4159.813493430766,4160.298052444834,4158.322720965484,4159.666135924182,4159.999779
2026-05-04,4154.999829,4150.775391840405,4152.575605810775,4151.894898796394,4153.753002006383,4152.24972461349,4150.000347
2026-05-05,4164.261248,4155.276342574097,4156.020918979737,4154.382151451906,4154.6744746532895,4155.088471914758,4154.999829
2026-05-06,4159.99987,4164.517311234709,4164.302929250419,4164.559521444834,4162.7834067597505,4164.040792172428,4164.261248
2026-05-07,4159.536883,4160.299614267151,4161.913770040525,4161.8944217963935,4162.1909550442415,4161.574690287078,4159.99987
2026-05-08,4165.000347,4159.75845847769,4161.168390151444,4160.84509408407,4160.694545340595,4160.616622013449,4159.536883
2026-05-11,4170.000365,4165.281612780755,4165.940963407547,4167.172009424004,4164.549293122497,4165.735969683701,4165.000347
2026-05-12,4179.089221,4170.276884590641,4171.021365352419,4169.382687451905,4169.674865451929,4170.088950711724,4170.000365
2026-05-13,4174.999886,4179.350032774849,4179.181604460851,4179.387494444834,4177.65794093705,4178.894268154396,4179.089221
2026-05-14,4177.506465,4175.292514100855,4176.899820595308,4176.8944377963935,4177.14414554408,4176.557729509159,4174.999886
2026-05-15,4183.000347,4177.749333322984,4178.870049928177,4176.888787451906,4177.857272107372,4177.84136070261,4177.506465
2026-05-18,4184.999912,4183.281889310391,4183.935482470254,4185.172009424004,4182.541054090729,4183.732608823844,4183.000347
2026-05-19,4196.357878,4185.23634431333,4186.417566827426,4184.441774586672,4185.488384093665,4185.396017455273,4184.999912
2026-05-20,4184.999491,4196.51637681832,4195.706635701644,4196.567799391039,4194.315136860838,4195.77648719296,4196.357878
2026-05-21,4190.000174,4185.957030775708,4187.798308480089,4186.938853980118,4189.121668312516,4187.453965387108,4184.999491
2026-05-22,4202.818553,4190.276701053818,4191.02106314378,4192.171836424003,4189.674494536167,4190.786023789443,4190.000174
2026-05-25,4201.521892,4202.857072778749,4201.602263575801,4203.02847439104,4200.383248706893,4201.9677648631205,4202.818553
2026-05-26,4194.999919,4201.747944080759,4203.2148312104655,4202.83010308407,4202.906273356128,4202.674787932856,4201.521892
2026-05-27,4202.803301,4195.43026764025,4197.1239362659435,4196.894470796394,4197.806321414819,4196.813749029352,4194.999919
2026-05-28,4190.000479,4203.086742210363,4203.24317504835,4203.101574444834,4201.719160030656,4202.7876629335515,4202.803301
2026-05-29,4190.000347,4191.179696277169,4193.064975881155,4191.939841980119,4194.51516695432,4192.674920273191,4190.000479
2026-06-01,4205.202188,4190.221874757269,4191.596200558448,4192.876038834089,4191.03216826491,4191.43157060368,4190.000347
2026-06-02,4184.999823,4204.9303553135505,4202.928035060568,4205.41210939104,4202.128036843637,4203.849634152199,4205.202188
2026-06-03,4204.999975,4187.646318519227,4189.776201583846,4188.688402972352,4191.518742240051,4189.40741632887,4184.999823
2026-06-04,4204.720215,4203.565062507373,4200.167863320905,4200.794687981843,4200.647615216186,4201.293807256577,4204.999975
2026-06-05,4200.000347,4204.941578254964,4206.337776754807,4206.365606197035,4205.828058604271,4205.868254952769,4204.720215
2026-06-08,4199.999912,4200.320939318879,4201.952659314198,4201.894898796394,4202.316225916796,4201.621180836567,4200.000347
2026-06-09,4205.000419,4200.221439271415,4201.59578938716,4205.0061615363375,4201.031815645536,4201.963801460112,4199.999912
2026-06-10,4196.561175,4205.276944078787,4206.021337577581,4207.172081424003,4204.6747871142825,4205.7862875486635,4205.000419
2026-06-11,4195.143515,4197.159558599024,4198.91270802683,4198.455726796394,4199.8893752416425,4198.604342165972,4196.561175
2026-06-12,4200.000347,4195.370731025414,4196.845186000035,4196.45172608407,4196.560807988853,4196.307112774593,4195.143515
2026-06-15,4155.30719,4200.275221211429,4201.045021310844,4199.382669451906,4199.713648814811,4200.104140197247,4200.000347
2026-06-16,4200.000101,4160.641941861168,4166.653155469884,4163.476720587989,4168.292593646903,4164.766102891485,4155.30719
2026-06-17,4199.999949,4181.003247036167,4179.983277558767,4181.486640975064,4189.308217424509,4182.945345748627,4200.000101
2026-06-18,4199.999949,4200.2214767253145,4201.595804131322,4202.875640834089,4201.031775639474,4201.431174332551,4199.999949
2026-06-19,4200.000347,4200.221476969423,4201.595792177404,4202.875640834089,4201.031734361054,4201.431161085493,4199.999949
2026-06-22,4219.387176,4200.221875609024,4201.596158876178,4201.379324098964,4201.032024208949,4201.057345698278,4200.000347
2026-06-23,4185.964758,4218.146095525133,4214.908628020494,4219.020605084294,4215.197553107176,4216.818220434275,4219.387176
2026-06-24,4224.999637,4191.052146911952,4194.359552427909,4194.851644628215,4196.016233544066,4194.069894378035,4185.964758
2026-06-25,4252.569389,4210.936631162788,4208.100477433144,4214.915092649984,4215.717871496004,4212.41751818548,4224.999637
2026-06-26,4225.000347,4247.537596201744,4242.983081798716,4242.221789831189,4246.226505361736,4244.742243298346,4252.569389
2026-06-29,4248.130009,4229.2068144781215,4231.776798092092,4232.387866765584,4233.497530095224,4231.717252357756,4225.000347
2026-06-30,4235.551664,4245.481205512258,4241.40310405796,4254.069453578435,4242.95050967019,4245.976068204711,4248.130009
2026-07-01,4287.459405,4236.694642116456,4238.573056218718,4237.531204055398,4240.005372317238,4238.201068676953,4235.551664
2026-07-02,4279.999531,4263.319054289475,4264.1952719057435,4269.666872545825,4275.013271196306,4268.048617484337,4287.459405
2026-07-03,4243.802195,4280.5053353395215,4282.228538062342,4281.943636549047,4283.061207625799,4281.934679394178,4279.999531
2026-07-06,4238.176798,4249.126790369369,4252.949884468317,4253.082707007642,4254.583829678949,4252.435802881068,4243.802195
2026-07-07,4290.000179,4238.5468727180805,4240.210865831681,4240.120903549047,4240.739156929886,4239.904449757173,4238.176798
2026-07-08,4290.000104,4265.90702285959,4266.769063050828,4272.207646545825,4277.574256379754,4270.614497208999,4290.000179
2026-07-09,4294.999616,4290.221631848758,4291.595953075741,4292.734686192237,4291.031909846076,4291.396045240703,4290.000104
2026-07-10,4295.000347,4295.276129910853,4296.020700963483,4294.140938116102,4294.674253547388,4295.028005634456,4294.999616
2026-07-13,4299.99976,4295.221876145374,4296.596132686033,4295.5831764858285,4296.031933634315,4295.858279737888,4295.000347
2026-07-14,4295.000109,4300.2762727994605,4301.0208615170295,4299.141082116102,4299.674424420212,4300.028160213201,4299.99976
2026-07-15,4233.201064,4295.334796013375,4296.976795870268,4296.944214549047,4297.3921423294805,4296.661987190542,4295.000109
2026-07-16,4230.544637,4238.105985272859,4248.327286456066,4245.24501304396,4250.445336307057,4245.530905269986,4233.201064
