Model,MSE,RMSE,MAE,Hit Rate (%),Profit Net (%),Sharpe Ratio
SVR (seuil=0.0),440.35146320426446,20.98455296651002,13.764992312802853,56.048387096774185,11.486572528064087,0.4472664553536072
SVR (seuil=2.0),440.35146320426446,20.98455296651002,13.764992312802853,56.048387096774185,15.34647305008161,1.3353298223397667
SVR (seuil=5.0),440.35146320426446,20.98455296651002,13.764992312802853,56.048387096774185,12.952459869599142,1.0414557763213441
SVR (seuil=10.0),440.35146320426446,20.98455296651002,13.764992312802853,56.048387096774185,1.384021111891931,-2.7720039809032997
MLP (seuil=0.0),410.0536713265225,20.249782006888925,13.639029291453712,57.66129032258065,10.879343912149064,0.37672874470390544
MLP (seuil=2.0),410.0536713265225,20.249782006888925,13.639029291453712,57.66129032258065,13.056317862199318,0.7974734170226605
MLP (seuil=5.0),410.0536713265225,20.249782006888925,13.639029291453712,57.66129032258065,16.443217028965982,1.5558238928373043
MLP (seuil=10.0),410.0536713265225,20.249782006888925,13.639029291453712,57.66129032258065,12.461129769965273,0.9356661308451468
XGBoost (seuil=0.0),425.8242121409484,20.63550852634721,13.856376032494053,54.03225806451613,8.852311739926378,0.1396126915505066
XGBoost (seuil=2.0),425.8242121409484,20.63550852634721,13.856376032494053,54.03225806451613,2.2955328830102317,-0.8407521629014139
XGBoost (seuil=5.0),425.8242121409484,20.63550852634721,13.856376032494053,54.03225806451613,11.95855008420381,0.7656432927398386
XGBoost (seuil=10.0),425.8242121409484,20.63550852634721,13.856376032494053,54.03225806451613,6.963645668364138,-0.2497446604059785
LSTM (seuil=0.0),402.24967900944534,20.056163117840992,13.435988906585548,58.06451612903226,7.155419839681709,-0.061059754759360145
LSTM (seuil=2.0),402.24967900944534,20.056163117840992,13.435988906585548,58.06451612903226,6.780707565874544,-0.13855211293481162
LSTM (seuil=5.0),402.24967900944534,20.056163117840992,13.435988906585548,58.06451612903226,13.411201981957731,1.017589858028668
LSTM (seuil=10.0),402.24967900944534,20.056163117840992,13.435988906585548,58.06451612903226,13.111233090048424,1.0872641482633503
Ensemble (seuil=0.0),415.65929051456425,20.3877240150676,13.635222411096612,58.46774193548387,11.605459322092916,0.4605144838324499
Ensemble (seuil=2.0),415.65929051456425,20.3877240150676,13.635222411096612,58.46774193548387,12.527599035600524,0.7611692875268852
Ensemble (seuil=5.0),415.65929051456425,20.3877240150676,13.635222411096612,58.46774193548387,13.018327119246909,0.9911116349113136
Ensemble (seuil=10.0),415.65929051456425,20.3877240150676,13.635222411096612,58.46774193548387,9.642099989557318,0.385438830882843
Benchmark (Marche Aléatoire) (seuil=0.0),478.74644518081243,21.880275253771657,13.720896329365086,0.0,0.0,0.0
Benchmark (Marche Aléatoire) (seuil=2.0),478.74644518081243,21.880275253771657,13.720896329365086,0.0,0.0,0.0
Benchmark (Marche Aléatoire) (seuil=5.0),478.74644518081243,21.880275253771657,13.720896329365086,0.0,0.0,0.0
Benchmark (Marche Aléatoire) (seuil=10.0),478.74644518081243,21.880275253771657,13.720896329365086,0.0,0.0,0.0
