,SVR,MLP,XGBoost,LSTM,Benchmark (Marche Aléatoire),Ensemble
0,4430.221205604901,4431.595539029572,4433.329990181323,4431.031525036389,4429.999678,4431.5445649630465
1,4430.221243028721,4431.595555267542,4432.8557346930675,4431.031490360839,4429.999715,4431.426005837542
2,4430.221711721807,4431.595989370812,4431.369957346035,4431.031841089595,4430.000183,4431.054874882063
3,4430.221875232831,4431.596177279558,4431.370121346035,4431.032087734544,4430.000347,4431.055065398243
4,4457.93040176089,4458.864181854288,4464.332096692578,4469.7355538385655,4482.267785,4462.71555853658
5,4440.189351993747,4446.973638234852,4446.421630804174,4448.642862702654,4435.000234,4445.556870933857
6,4435.221406399435,4436.595750095819,4438.786010673283,4436.0317608389,4434.999879,4436.658732001859
7,4435.22184166703,4436.596122044852,4436.370087346035,4436.031980384949,4435.000313,4436.055007860716
8,4413.526619196139,4415.912438080511,4417.585341478623,4417.654860506354,4409.78827,4416.169814815406
9,4431.329953382238,4426.949247130498,4424.307333431675,4429.273634394462,4435.000318,4427.965042084719
10,4440.2762711027735,4441.020855002452,4439.948811887994,4439.674415195387,4439.999758,4440.230088297152
11,4440.221097667461,4441.5954279624875,4442.939840315067,4441.031406507528,4439.99957,4441.4469431131365
12,4440.221099972564,4441.595415020114,4442.855591693067,4441.031356788354,4439.999572,4441.425865868525
13,4440.221876216378,4441.59612922541,4440.292657761568,4441.031921651678,4440.000347,4440.785646213759
14,4440.221413229528,4441.595765431835,4443.1622706941525,4441.031796650092,4439.999886,4441.502811501402
15,4435.334361903956,4436.976383157315,4437.630728284165,4437.391838037783,4434.999644,4436.833327845805
16,4408.115660443437,4411.168957405755,4411.024675478623,4412.8426810864075,4403.227604,4410.787993603556
17,4427.044396435992,4422.652775098261,4429.681003559279,4427.568244125165,4435.000071,4426.736604804674
18,4427.01475212225,4428.772778396119,4429.030874284165,4429.771809157339,4426.39979,4428.647553489969
19,4450.603545215651,4446.467146201921,4441.291459889105,4452.098398146353,4459.999673,4447.615137363257
20,4460.221769882768,4461.596039505939,4461.207934548447,4461.031871952448,4460.000241,4461.0144039724
21,4462.743463601392,4463.864943822465,4462.4497308879945,4462.8531517864,4462.500677,4462.977822524563
22,4402.0117127342055,4412.518149465235,4405.941930772249,4414.847290875967,4396.630364,4408.829770961915
23,4456.902338923157,4446.306641986335,4437.638673447828,4456.602152889458,4475.000347,4449.362451811694
24,4413.191914763821,4423.714526003001,4416.855904772249,4426.135451599568,4407.544338,4419.97444928466
25,4449.720930827683,4447.4985464283345,4437.822123619281,4458.959346361273,4474.99982,4448.500236809143
26,4475.2218828280975,4476.596155180005,4476.208047548447,4476.0319941596945,4475.000354,4476.014519929061
27,4464.494594070212,4466.339592561345,4466.079213374823,4467.67483094125,4463.519313,4466.147057736907
28,4470.287890251958,4470.743324165418,4471.325758057403,4469.273801912966,4470.000347,4470.407693596936
29,4477.7889585449,4478.016636009262,4478.061883263027,4476.500208579472,4477.503093,4477.591921599165
30,4472.866934119387,4474.50783209979,4475.164913284165,4474.9175913146455,4472.533829,4474.364317704497
31,4472.720122868181,4474.097252366252,4475.661031694153,4473.539996795769,4472.498647,4474.004600931089
32,4470.243667025853,4471.778984484393,4472.5737729110215,4471.7110756842185,4469.999588,4471.576875026371
33,4475.276874906543,4476.021223433477,4476.325758057403,4474.674646918984,4475.000347,4475.574625829102
34,4475.221436266431,4476.595786623085,4478.786040673283,4476.03181339445,4474.999909,4476.658769239312
35,4470.3345517042235,4471.976566585854,4472.6309272841645,4472.391989283451,4469.999843,4471.833508714423
36,4400.700534974854,4410.538244171882,4408.380677335162,4413.631306525674,4392.800875,4408.312690751893
37,4442.314258305031,4436.834489066621,4427.638510447829,4447.917538174354,4465.000184,4438.676198998459
38,4428.287918979272,4433.564466529837,4430.564380833886,4435.188125709092,4422.859379,4431.901223013021
39,4448.189060017372,4446.3319410272525,4443.898038132794,4454.940440131036,4464.999742,4448.339869827113
40,4465.221694651042,4466.595975831332,4466.369940346035,4466.031836028178,4465.000166,4466.054861714147
41,4455.7752089688065,4457.575442556678,4457.631167284165,4458.7529149264865,4455.000083,4457.433683434034
42,4450.334502988046,4451.976526377361,4452.630866284165,4452.391992249584,4449.999782,4451.833471974789
43,4450.221875878024,4451.596145741887,4451.208040548448,4451.031978745416,4450.000347,4451.014510228444
44,4464.76048994139,4462.821631181347,4465.558611263027,4461.979816558477,4464.999821,4463.78013723606
45,4465.22155329729,4466.595852133711,4466.3697993460355,4466.031754853253,4465.000025,4466.054739907572
46,4465.221796359796,4466.5960920664975,4466.370042346035,4466.031987236284,4465.000268,4466.054979502153
47,4466.226359411257,4467.512677733768,4465.9490348879945,4466.760056466303,4465.999981,4466.612032124831
48,4473.288212033907,4473.630698595922,4474.325758057403,4472.133304090436,4473.000347,4473.344493194417
49,4473.221230937993,4474.595597744418,4476.162088694153,4474.031664122521,4472.999704,4474.502645374771
50,4461.2411703535145,4463.13139197167,4462.595409374823,4464.594029791019,4460.035509,4462.890500372757
51,4474.766276421023,4472.838358398913,4475.558922263027,4471.98945463126,4475.000132,4473.788252928556
52,4496.498009592492,4492.127956930443,4489.426009431675,4494.416740875676,4500.118994,4493.117179207572
53,4481.69430103384,4483.870000279711,4482.9366533410775,4485.620856250918,4478.801059,4483.530452726387
54,4485.448203164656,4485.9291096320685,4486.486456057402,4484.467257974107,4485.161045,4485.582756707059
55,4503.617123435849,4500.26128995113,4501.855989319367,4500.690098525304,4504.999601,4501.606125307912
56,4494.029908599669,4495.891482514241,4495.5331893748225,4497.277004312583,4492.973289,4495.682896200329
57,4512.822806760295,4508.956340540248,4511.505978657018,4510.11154938099,4515.000234,4510.849168834638
58,4465.6083902918945,4474.3774345964775,4470.603719257432,4476.199890326594,4460.819847,4471.697358618099
59,4465.125034853016,4466.030329931106,4464.809741887994,4464.795198976196,4464.860688,4465.190076412078
60,4491.923642766362,4492.452586766346,4496.000215551742,4502.979162430517,4515.00011,4495.838901878742
61,4515.221202271415,4516.59555238716,4517.886036314589,4516.031578645536,4514.999675,4516.433592404675
62,4520.276169107992,4521.02065754295,4519.117683069121,4519.674162170243,4519.99965,4520.022167972576
63,4530.23082261563,4529.813886076525,4530.502819989404,4528.323141649542,4530.000347,4529.717667582776
64,4520.774623146613,4522.574883132302,4522.370539999465,4523.752458521924,4519.999388,4522.368126200076
65,4522.23601578058,4523.417167029423,4521.985402440736,4522.487878905005,4521.999576,4522.531616038936
66,4515.467403738811,4517.176247812111,4517.448404602086,4517.936583203878,4515.000255,4517.007159839222
67,4510.3345944313205,4511.976620897828,4512.448018602086,4512.392102686212,4509.999869,4511.787834154362
68,4510.221875737855,4511.596152584329,4510.283521243543,4511.032002446367,4510.000347,4510.783388003023
69,4488.694097169776,4491.065841388178,4492.951102774123,4492.809786608007,4484.999936,4491.380206985021
70,4485.2215040335395,4486.595816031607,4487.719979905229,4486.031750435709,4484.999976,4486.392262601521
71,4499.760577190456,4497.821547677658,4500.502466989404,4496.979843652256,4499.999994,4498.766108877444
72,4500.221412794396,4501.595736749639,4502.719888905229,4501.031700053322,4499.999885,4501.392184625647
73,4493.335316717173,4495.048681199622,4495.304551602087,4495.831967347055,4492.856402,4494.8801292164835
74,4494.917794755727,4496.118473725592,4494.669208440736,4495.21872448466,4494.683382,4495.231050351679
75,4487.98281887353,4489.697409780499,4489.948797602086,4490.486896924774,4487.500648,4489.528980795222
76,4500.069117820228,4498.912908973978,4500.502732989404,4497.650571644591,4500.00026,4499.28383285705
77,4500.221459442888,4501.59580097248,4503.081146314591,4501.031806525966,4499.999932,4501.482553313981
78,4495.335030564001,4496.97702803132,4497.448496602086,4497.3923623555265,4495.000347,4496.788229388233
79,4495.2213210822,4496.595680666799,4497.886155314589,4496.031729628602,4494.999794,4496.433721673047
80,4485.775075071311,4487.575300462404,4487.297258345004,4488.752741620945,4484.999983,4487.350093874916
81,4490.276329469488,4491.020843956949,4489.117845069121,4489.674363730565,4489.999812,4490.022345556531
82,4510.073055665433,4506.129655496731,4505.6440959079455,4507.41871838033,4512.408036,4507.31638136261
83,4493.134618442457,4495.3601164025085,4493.967255775934,4497.113655407358,4490.000347,4494.893911507064
84,4485.334255217482,4486.976298155655,4487.447655602086,4487.391863213096,4484.999506,4486.787518047079
85,4490.886382517188,4491.518886623537,4492.495431432411,4490.114658570686,4490.603876,4491.253839785955
86,4492.737372770956,4493.930084491969,4492.487964440736,4493.018121191774,4492.502138,4493.043385723859
87,4484.013520790982,4485.788587632744,4485.785582602086,4486.863021626553,4483.337433,4485.612678163091
88,4478.509185056796,4480.15737673287,4480.613429602086,4480.604267290555,4478.16528,4479.971064670577
89,4475.237753259634,4476.806452373304,4477.424460602087,4476.875532412211,4474.976311,4476.586049661809
90,4493.557137835154,4490.154045079084,4485.201710530033,4490.641146246933,4494.999657,4489.888509922801
91,4485.775402899003,4487.575612288808,4487.811913622123,4488.752991124447,4485.000377,4487.478979983595
92,4485.221656571229,4486.595991681074,4488.081343314591,4486.031981807439,4485.000129,4486.482743343583
93,4487.236787140136,4488.4179349571305,4486.986173440736,4487.488641777078,4487.000347,4487.53238432877
94,4463.565433911863,4466.143458005906,4467.293467774122,4467.863247073099,4459.342301,4466.2164016912475
95,4482.876668018647,4478.382854696211,4496.601945096662,4482.855742939036,4489.999952,4485.179302687639
96,4447.216208373912,4454.201081207071,4456.170875839813,4455.880318050836,4442.06926,4453.367120867908
97,4478.423660374073,4478.37916270793,4473.4930955657255,4489.97742813627,4504.999396,4480.068336695999
98,4510.276877060991,4511.021191322555,4511.891902432411,4509.674594759272,4510.000347,4510.7161413938065
99,4510.221327091803,4511.595686194955,4512.886161314588,4511.031734086719,4509.9998,4511.433727172016
100,4515.27605141433,4516.020582675252,4514.117568069121,4514.674112105559,4514.999535,4515.022078566066
101,4525.230689388208,4524.813758167603,4525.502685989404,4523.323012936,4525.000213,4524.717536620304
102,4528.249862469156,4529.30672735306,4527.986047440736,4528.217095359915,4528.000221,4528.439933155717
103,4546.602249683976,4543.191146001929,4538.257217530033,4543.688274917016,4548.055164,4542.934722033238
104,4547.7211398000945,4549.13785350845,4548.7171866827,4548.682257649772,4547.499356,4548.564609410254
105,4560.069046068256,4558.912423215881,4560.502783989404,4557.650262108205,4560.000311,4559.283628845436
106,4573.617241077588,4572.0958110068195,4574.174809989404,4571.007955358717,4573.672337,4572.723954358132
107,4573.893864969423,4575.268180177404,4576.392340905229,4574.704122361054,4573.672337,4575.064627103277
108,4573.893864969423,4575.268180177404,4576.392340905229,4574.704122361054,4573.672337,4575.064627103277
109,4575.229062386961,4576.482915589905,4574.985690440736,4575.670873950032,4574.999864,4575.592135591908
110,4580.276544173242,4581.02099977382,4580.064334079733,4579.674485301329,4580.000023,4580.259090832031
111,4593.335599799773,4591.913975169924,4593.856080989404,4590.774645287775,4593.353608,4592.4700753117195
112,4593.575135969423,4594.949451177405,4596.073611905229,4594.385393361054,4593.353608,4594.745898103278
113,4581.2710872598245,4583.173247215768,4582.371498999465,4584.664528917408,4580.000347,4582.870090598117
114,4594.760321465364,4592.821525482182,4595.502093989404,4591.979670127911,4594.999621,4593.765902766215
115,4597.23658880857,4598.417701618922,4596.985971440736,4597.4883566915905,4597.000145,4597.532154639955
116,4595.235124769367,4596.743775584674,4597.448473602086,4596.575982420214,4595.000324,4596.500839094086
117,4595.221501407499,4596.595844702609,4598.081188314592,4596.031854517285,4594.999974,4596.482597235496
118,4583.633635290293,4585.509540202506,4584.874906999465,4586.93515200053,4582.503755,4585.2383086231985
119,4563.155610137469,4565.385769150918,4564.396295531916,4567.13932120427,4560.000217,4565.019249006144
120,4555.334437017918,4556.976468045945,4557.482539400688,4557.391972871968,4554.999705,4556.79635433413
121,4550.334548623419,4551.976555829728,4552.482685400688,4552.391939661066,4549.999851,4551.7964323787255
122,4550.221516189462,4551.595820402998,4551.405953168207,4551.03173609153,4549.999988,4551.063756463049
123,4555.2768704179025,4556.021290328098,4557.630406063884,4554.67475520325,4555.000347,4555.900830503284
124,4535.563500824787,4537.799255125428,4536.259101460818,4539.552778972441,4532.383069,4537.293659095869
125,4552.5760839104805,4548.592318163388,4550.840911187766,4549.955290384396,4554.999535,4550.491150911508
126,4537.601958261607,4539.723966193633,4538.017301297924,4541.464297348258,4535.000174,4539.201880775356
127,4517.601632434909,4519.723687970446,4518.875608460818,4521.46403486208,4514.999576,4519.416240932063
128,4523.659435084997,4523.673075732945,4523.949099629898,4522.142591213142,4523.383593,4523.356050415246
129,4505.481473864278,4507.629064214948,4506.612874460818,4509.375666196918,4502.736842,4507.27476968424
130,4479.2380461609755,4481.823234353911,4483.053164850954,4483.542186818897,4475.000281,4481.914158046185
131,4461.352507940819,4463.3138801130835,4462.383449859228,4464.919573638162,4459.737093,4462.992352887823
132,4474.718221000205,4472.696738809612,4475.565626629898,4471.909600914626,4475.00012,4473.722546838585
133,4442.89648565658,4446.99884565278,4446.434329615984,4448.625558402425,4437.503755,4446.238804831942
134,4450.068944569235,4448.913848513456,4450.565263629898,4447.651038533285,4449.999757,4449.299773811468
135,4432.506678260457,4434.63342162428,4433.753964460818,4436.375112975312,4429.877932,4434.317294330217
136,4427.981515891756,4429.497530529973,4430.227325400689,4429.356502096088,4427.744491,4429.265718479626
137,4440.090474004931,4439.009295133611,4440.565509629899,4437.715903015124,4440.000003,4439.345295445891
138,4427.715284451364,4429.624947096272,4428.7864843216075,4431.133223940588,4426.402808,4429.314984952458
139,4435.272029487923,4435.231578883702,4435.565531629899,4433.701451402635,4435.000025,4434.9426478510395
140,4436.226164784907,4437.512478490216,4436.681326820723,4436.759848426374,4435.999786,4436.794954630555
141,4430.394138374351,4432.070734878654,4432.483138400688,4432.664488026661,4430.000304,4431.903124920089
142,4408.694276302353,4411.066002075264,4413.053057850954,4412.809949892743,4405.000174,4411.4058215303285
143,4395.775441065201,4397.575666938508,4397.384023321608,4398.753109497681,4395.000347,4397.372060205749
144,4369.477299626884,4372.321258130509,4372.725896817925,4374.012803077312,4364.820023,4372.134314413157
145,4370.746972447417,4371.371823431669,4372.308919558975,4369.964154608,4370.464135,4371.097967511516
146,4348.7905722734395,4351.193643492831,4353.052865850955,4352.934135544894,4344.999982,4351.49280429053
147,4335.775156275305,4337.575385342791,4337.383725321608,4338.752840749411,4335.000049,4337.3717769222785
148,4325.775425487602,4327.575647594044,4327.384023321608,4328.753075664355,4325.000347,4327.372043016901
149,4273.655346681585,4282.884868484634,4281.3596720510595,4284.768694773935,4268.918106,4280.667145497804
150,4272.4143875254,4273.437920323436,4272.079049831554,4272.3121866062165,4272.161306,4272.560886071652
151,4200.084557671598,4209.610231824707,4214.178552690286,4212.993992948576,4191.363251,4209.216833783792
152,4224.320733670071,4225.191666735885,4216.974462181752,4236.73348154724,4250.999541,4225.805086033737
153,4215.447680958638,4220.41303061896,4219.095613086443,4222.033824629392,4210.000347,4219.247537323358
154,4200.77532168979,4202.575557628029,4202.383862321608,4203.753039072316,4200.000186,4202.371945177935
155,4186.565836082373,4188.51897010063,4187.383922321607,4190.111331270529,4185.000246,4188.145014943785
156,4182.25609753248,4183.816031873782,4184.4827814006885,4183.847825810524,4181.999947,4183.6006841543685
157,4136.638148411883,4144.346640782362,4144.08940305106,4146.070807414283,4131.647837,4142.786249914897
158,4160.111068703114,4161.188814261339,4166.367336915696,4172.209200668245,4185.000347,4164.969105137099
159,4180.33484659725,4181.976866945441,4182.482964400689,4182.392317341603,4180.00013,4181.796748821246
160,4170.775405818948,4172.575631390942,4172.383989321607,4173.753073030667,4170.000313,4172.372024890541
161,4170.221669694691,4171.595998625549,4172.816518197542,4171.031973881878,4170.000142,4171.416540099915
162,4160.419959319216,4162.232469900718,4161.976574321608,4163.456464642136,4159.592898,4162.021367045919
163,4155.314872239704,4156.941809136145,4157.483181400688,4157.28157160343,4155.000347,4156.755358594992
164,4155.221235945941,4156.595602351219,4157.3647720579775,4156.03166784496,4154.999709,4156.303319550025
165,4165.230622593999,4164.813761632846,4165.565642629898,4163.323003778867,4165.000136,4164.733257658902
166,4170.276623029431,4171.021112713497,4169.600362327054,4169.674618020503,4170.000104,4170.143179022622
167,4165.334681310828,4166.976698690538,4167.482803400689,4167.3921339622675,4164.999969,4166.796579341081
168,4170.276870631147,4171.021287150699,4172.630406063884,4169.674749916793,4170.000347,4170.900828440631
169,4165.334789733374,4166.976812253948,4167.482904400688,4167.392273729621,4165.00007,4166.796695029408
170,4167.643775907839,4168.777362746776,4167.320028831554,4167.781425513911,4167.402285,4167.88064825002
171,4170.243903086242,4171.35322460479,4169.917559831553,4170.325932400298,4169.999816,4170.46015498072
172,4163.667549697403,4165.369536108336,4165.700378400688,4166.094795691415,4163.217544,4165.20806497446
173,4175.128827807775,4174.191563326166,4175.565853629899,4172.843325694511,4175.000347,4174.432392614587
174,4192.057752647926,4189.240556333358,4193.759583814777,4189.092045134548,4192.881264,4191.037484482653
175,4179.542916482994,4181.4923633702465,4180.383135321607,4183.0784995286895,4177.999459,4181.124228675884
176,4175.255977078393,4176.815879122068,4177.4826794006885,4176.847537551013,4174.999845,4176.600518288041
177,4165.774791677901,4167.575028580404,4167.383328321608,4168.752513883078,4164.999652,4167.3714156157475
178,4171.630238257042,4172.114591041305,4173.187925558975,4170.653818827813,4171.343141,4171.896643421283
179,4161.818339660402,4163.628929641825,4163.383231321608,4164.845810256717,4160.999555,4163.419077720138
180,4165.7691678173005,4166.600197265936,4164.881023451906,4165.308950802321,4165.498701,4165.6398348343655
181,4141.784859604371,4144.394604327174,4144.885952765583,4146.110715662428,4137.498433,4144.294033089889
182,4150.068918977693,4148.9120260744785,4150.21018539104,4147.649980037072,4150.000264,4149.210277620071
183,4145.335047916118,4146.977057403436,4146.894898796394,4147.392452753946,4145.000347,4146.649864217474
184,4135.775325191248,4137.575561008983,4136.894741796394,4138.753042015023,4135.00019,4137.249667502912
185,4130.334572078995,4131.9765969163955,4131.894400796394,4132.392070351144,4129.999849,4131.649410035732
186,4137.287351201972,4137.630000658368,4137.520750585084,4136.132639627723,4136.999485,4137.142685518286
187,4151.720428204698,4149.7961668716625,4152.16238339104,4148.944901526469,4151.952462,4150.655969998467
188,4140.204017554923,4142.093869033928,4140.939709980119,4143.555586663205,4139.000347,4141.698295808043
189,4146.287622564418,4146.630322671717,4146.521021585084,4145.132971950627,4145.999756,4146.142984692961
190,4140.394106506541,4142.070703077422,4141.894823796394,4142.664456379092,4140.000272,4141.756022439862
191,4137.256541947364,4138.816456014813,4138.894954796394,4138.848164803603,4137.000403,4138.454029390544
192,4145.281391025861,4145.39030677297,4145.298345444834,4143.862891652399,4145.000072,4144.958233724016
193,4145.7269548256845,4147.058927291939,4143.72456736877,4146.398628738977,4145.503755,4145.727269556342
194,4145.2219079404795,4146.634814372798,4146.308461084071,4146.168929714037,4145.00025,4146.083528277846
195,4149.2637357682515,4150.175468170684,4148.382279451906,4148.9456230177975,4148.999957,4149.19177660216
196,4150.226007092171,4151.5123293584475,4149.441491586672,4150.759715611916,4149.999629,4150.484885912301
197,4160.23027685564,4159.813493430766,4160.298052444834,4158.322720965484,4159.999779,4159.666135924182
198,4150.775391840405,4152.575605810775,4151.894898796394,4153.753002006383,4150.000347,4152.24972461349
199,4155.276342574097,4156.020918979737,4154.382151451906,4154.6744746532895,4154.999829,4155.088471914758
200,4164.517311234709,4164.302929250419,4164.559521444834,4162.7834067597505,4164.261248,4164.040792172428
201,4160.299614267151,4161.913770040525,4161.8944217963935,4162.1909550442415,4159.99987,4161.574690287078
202,4159.75845847769,4161.168390151444,4160.84509408407,4160.694545340595,4159.536883,4160.616622013449
203,4165.281612780755,4165.940963407547,4167.172009424004,4164.549293122497,4165.000347,4165.735969683701
204,4170.276884590641,4171.021365352419,4169.382687451905,4169.674865451929,4170.000365,4170.088950711724
205,4179.350032774849,4179.181604460851,4179.387494444834,4177.65794093705,4179.089221,4178.894268154396
206,4175.292514100855,4176.899820595308,4176.8944377963935,4177.14414554408,4174.999886,4176.557729509159
207,4177.749333322984,4178.870049928177,4176.888787451906,4177.857272107372,4177.506465,4177.84136070261
208,4183.281889310391,4183.935482470254,4185.172009424004,4182.541054090729,4183.000347,4183.732608823844
209,4185.23634431333,4186.417566827426,4184.441774586672,4185.488384093665,4184.999912,4185.396017455273
210,4196.51637681832,4195.706635701644,4196.567799391039,4194.315136860838,4196.357878,4195.77648719296
211,4185.957030775708,4187.798308480089,4186.938853980118,4189.121668312516,4184.999491,4187.453965387108
212,4190.276701053818,4191.02106314378,4192.171836424003,4189.674494536167,4190.000174,4190.786023789443
213,4202.857072778749,4201.602263575801,4203.02847439104,4200.383248706893,4202.818553,4201.9677648631205
214,4201.747944080759,4203.2148312104655,4202.83010308407,4202.906273356128,4201.521892,4202.674787932856
215,4195.43026764025,4197.1239362659435,4196.894470796394,4197.806321414819,4194.999919,4196.813749029352
216,4203.086742210363,4203.24317504835,4203.101574444834,4201.719160030656,4202.803301,4202.7876629335515
217,4191.179696277169,4193.064975881155,4191.939841980119,4194.51516695432,4190.000479,4192.674920273191
218,4190.221874757269,4191.596200558448,4192.876038834089,4191.03216826491,4190.000347,4191.43157060368
219,4204.9303553135505,4202.928035060568,4205.41210939104,4202.128036843637,4205.202188,4203.849634152199
220,4187.646318519227,4189.776201583846,4188.688402972352,4191.518742240051,4184.999823,4189.40741632887
221,4203.565062507373,4200.167863320905,4200.794687981843,4200.647615216186,4204.999975,4201.293807256577
222,4204.941578254964,4206.337776754807,4206.365606197035,4205.828058604271,4204.720215,4205.868254952769
223,4200.320939318879,4201.952659314198,4201.894898796394,4202.316225916796,4200.000347,4201.621180836567
224,4200.221439271415,4201.59578938716,4205.0061615363375,4201.031815645536,4199.999912,4201.963801460112
225,4205.276944078787,4206.021337577581,4207.172081424003,4204.6747871142825,4205.000419,4205.7862875486635
226,4197.159558599024,4198.91270802683,4198.455726796394,4199.8893752416425,4196.561175,4198.604342165972
227,4195.370731025414,4196.845186000035,4196.45172608407,4196.560807988853,4195.143515,4196.307112774593
228,4200.275221211429,4201.045021310844,4199.382669451906,4199.713648814811,4200.000347,4200.104140197247
229,4160.641941861168,4166.653155469884,4163.476720587989,4168.292593646903,4155.30719,4164.766102891485
230,4181.003247036167,4179.983277558767,4181.486640975064,4189.308217424509,4200.000101,4182.945345748627
231,4200.2214767253145,4201.595804131322,4202.875640834089,4201.031775639474,4199.999949,4201.431174332551
232,4200.221476969423,4201.595792177404,4202.875640834089,4201.031734361054,4199.999949,4201.431161085493
233,4200.221875609024,4201.596158876178,4201.379324098964,4201.032024208949,4200.000347,4201.057345698278
234,4218.146095525133,4214.908628020494,4219.020605084294,4215.197553107176,4219.387176,4216.818220434275
235,4191.052146911952,4194.359552427909,4194.851644628215,4196.016233544066,4185.964758,4194.069894378035
236,4210.936631162788,4208.100477433144,4214.915092649984,4215.717871496004,4224.999637,4212.41751818548
237,4247.537596201744,4242.983081798716,4242.221789831189,4246.226505361736,4252.569389,4244.742243298346
238,4229.2068144781215,4231.776798092092,4232.387866765584,4233.497530095224,4225.000347,4231.717252357756
239,4245.481205512258,4241.40310405796,4254.069453578435,4242.95050967019,4248.130009,4245.976068204711
240,4236.694642116456,4238.573056218718,4237.531204055398,4240.005372317238,4235.551664,4238.201068676953
241,4263.319054289475,4264.1952719057435,4269.666872545825,4275.013271196306,4287.459405,4268.048617484337
242,4280.5053353395215,4282.228538062342,4281.943636549047,4283.061207625799,4279.999531,4281.934679394178
243,4249.126790369369,4252.949884468317,4253.082707007642,4254.583829678949,4243.802195,4252.435802881068
244,4238.5468727180805,4240.210865831681,4240.120903549047,4240.739156929886,4238.176798,4239.904449757173
245,4265.90702285959,4266.769063050828,4272.207646545825,4277.574256379754,4290.000179,4270.614497208999
246,4290.221631848758,4291.595953075741,4292.734686192237,4291.031909846076,4290.000104,4291.396045240703
247,4295.276129910853,4296.020700963483,4294.140938116102,4294.674253547388,4294.999616,4295.028005634456
248,4295.221876145374,4296.596132686033,4295.5831764858285,4296.031933634315,4295.000347,4295.858279737888
249,4300.2762727994605,4301.0208615170295,4299.141082116102,4299.674424420212,4299.99976,4300.028160213201
250,4295.334796013375,4296.976795870268,4296.944214549047,4297.3921423294805,4295.000109,4296.661987190542
251,4238.105985272859,4248.327286456066,4245.24501304396,4250.445336307057,4233.201064,4245.530905269986
