date,USD_MGA
2018-01-01,3220.000285
2018-01-02,3210.000015
2018-01-03,3201.999628
2018-01-04,3209.999741
2018-01-05,3200.000347
2018-01-08,3220.999782
2018-01-09,3220.000245
2018-01-10,3231.000223
2018-01-11,3229.999957
2018-01-12,3220.000347
2018-01-15,3220.000119
2018-01-16,3221.000107
2018-01-17,3220.000144
2018-01-18,3214.999987
2018-01-19,3210.000347
2018-01-22,3209.9998
2018-01-23,3210.000189
2018-01-24,3200.000312
2018-01-25,3191.000429
2018-01-26,3180.000347
2018-01-29,3189.999802
2018-01-30,3200.000226
2018-01-31,3189.999664
2018-02-01,3190.999617
2018-02-02,3190.000347
2018-02-05,3170.000082
2018-02-06,3170.000293
2018-02-07,3170.999927
2018-02-08,3169.99979
2018-02-09,3170.000347
2018-02-12,3169.999837
2018-02-13,3149.999801
2018-02-14,3135.000072
2018-02-15,3114.999698
2018-02-16,3115.000347
2018-02-19,3115.000196
2018-02-20,3115.000196
2018-02-21,3110.000157
2018-02-22,3115.000294
2018-02-23,3115.000347
2018-02-26,3099.999735
2018-02-27,3101.000148
2018-02-28,3100.000035
2018-03-01,3100.000245
2018-03-02,3090.000347
2018-03-05,3090.000376
2018-03-06,3090.000362
2018-03-07,3090.000298
2018-03-08,3040.000297
2018-03-09,3060.000347
2018-03-12,3059.999609
2018-03-13,3059.999996
2018-03-14,3084.999942
2018-03-15,3089.999724
2018-03-16,3090.000347
2018-03-19,3090.000126
2018-03-20,3120.000273
2018-03-21,3144.999824
2018-03-22,3145.000234
2018-03-23,3170.000347
2018-03-26,3170.00027
2018-03-27,3169.999695
2018-03-28,3140.000548
2018-03-29,3180.000088
2018-03-30,3180.000347
2018-04-02,3179.999846
2018-04-03,3180.000138
2018-04-04,3195.000366
2018-04-05,3195.000235
2018-04-06,3195.000347
2018-04-09,3194.999901
2018-04-10,3180.000019
2018-04-11,3175.00006
2018-04-12,3174.999888
2018-04-13,3175.000347
2018-04-16,3174.99979
2018-04-17,3174.999834
2018-04-18,3175.000264
2018-04-19,3175.000183
2018-04-20,3175.000347
2018-04-23,3175.000158
2018-04-24,3175.000085
2018-04-25,3174.999773
2018-04-26,3174.999754
2018-04-27,3200.000347
2018-04-30,3194.999797
2018-05-01,3194.999471
2018-05-02,3194.999994
2018-05-03,3195.000305
2018-05-04,3200.000347
2018-05-07,3209.999739
2018-05-08,3210.000216
2018-05-09,3209.999923
2018-05-10,3210.000526
2018-05-11,3210.000347
2018-05-14,3210.000016
2018-05-15,3209.999971
2018-05-16,3210.000051
2018-05-17,3210.000111
2018-05-18,3210.000347
2018-05-21,3214.999816
2018-05-22,3214.999767
2018-05-23,3224.999839
2018-05-24,3225.000263
2018-05-25,3225.000347
2018-05-28,3224.999428
2018-05-29,3269.999879
2018-05-30,3269.99998
2018-05-31,3270.000191
2018-06-01,3270.000347
2018-06-04,3270.000296
2018-06-05,3270.000221
2018-06-06,3269.999991
2018-06-07,3270.000084
2018-06-08,3270.000347
2018-06-11,3270.000108
2018-06-12,3270.000234
2018-06-13,3269.999992
2018-06-14,3270.000433
2018-06-15,3270.000347
2018-06-18,3269.999782
2018-06-19,3269.99963
2018-06-20,3270.00001
2018-06-21,3269.999822
2018-06-22,3270.000347
2018-06-25,3270.000201
2018-06-26,3270.000355
2018-06-27,3270.000485
2018-06-28,3270.000077
2018-06-29,3270.000347
2018-07-02,3270.00008
2018-07-03,3269.999757
2018-07-04,3269.999748
2018-07-05,3270.000056
2018-07-06,3270.000347
2018-07-09,3269.999997
2018-07-10,3270.000619
2018-07-11,3269.999697
2018-07-12,3270.000012
2018-07-13,3270.000347
2018-07-16,3269.999619
2018-07-17,3269.99979
2018-07-18,3274.999747
2018-07-19,3274.999653
2018-07-20,3275.000347
2018-07-23,3275.000303
2018-07-24,3275.00043
2018-07-25,3274.999769
2018-07-26,3275.000446
2018-07-27,3275.000347
2018-07-30,3285.000179
2018-07-31,3274.999401
2018-08-01,3280.00001
2018-08-02,3274.999739
2018-08-03,3282.503758
2018-08-06,3289.999903
2018-08-07,3280.000196
2018-08-08,3289.999611
2018-08-09,3296.000116
2018-08-10,3305.000347
2018-08-13,3335.000254
2018-08-14,3325.000124
2018-08-15,3317.084587
2018-08-16,3320.000332
2018-08-17,3315.000347
2018-08-20,3300.000356
2018-08-21,3295.000019
2018-08-22,3294.999794
2018-08-23,3299.999898
2018-08-24,3306.103758
2018-08-27,3324.650033
2018-08-28,3330.197057
2018-08-29,3327.305413
2018-08-30,3330.450003
2018-08-31,3336.55038
2018-09-03,3358.64996
2018-09-04,3374.149775
2018-09-05,3385.150043
2018-09-06,3379.601973
2018-09-07,3400.503758
2018-09-10,3299.999769
2018-09-11,3330.000169
2018-09-12,3412.496617
2018-09-13,3404.999973
2018-09-14,3435.000347
2018-09-17,3414.999811
2018-09-18,3405.00014
2018-09-19,3395.000057
2018-09-20,3395.000157
2018-09-21,3400.000347
2018-09-24,3420.450205
2018-09-25,3404.999996
2018-09-26,3394.999541
2018-09-27,3465.301234
2018-09-28,3420.000347
2018-10-01,3417.501611
2018-10-02,3440.000345
2018-10-03,3445.000266
2018-10-04,3449.999769
2018-10-05,3465.000347
2018-10-08,3510.500483
2018-10-09,3485.000331
2018-10-10,3487.453992
2018-10-11,3487.50015
2018-10-12,3457.503758
2018-10-15,3495.000086
2018-10-16,3447.503264
2018-10-17,3452.503789
2018-10-18,3515.000229
2018-10-19,3515.000347
2018-10-22,3487.493911
2018-10-23,3475.0001
2018-10-24,3487.503093
2018-10-25,3489.999938
2018-10-26,3500.000347
2018-10-29,3490.000174
2018-10-30,3515.000125
2018-10-31,3529.99994
2018-11-01,3527.5001435000004
2018-11-02,3525.000347
2018-11-05,3530.00006
2018-11-06,3529.999859
2018-11-07,3570.949966
2018-11-08,3532.496767
2018-11-09,3550.000347
2018-11-12,3623.504982
2018-11-13,3549.999892
2018-11-14,3614.999722
2018-11-15,3601.5000345
2018-11-16,3588.000347
2018-11-19,3500.000119
2018-11-20,3619.999949
2018-11-21,3609.999961
2018-11-22,3646.095856
2018-11-23,3620.000347
2018-11-26,3630.00028
2018-11-27,3649.999823
2018-11-28,3675.000315
2018-11-29,3620.0003
2018-11-30,3620.000347
2018-12-03,3619.999502
2018-12-04,3619.999774
2018-12-05,3610.999956
2018-12-06,3607.495332
2018-12-07,3565.000347
2018-12-10,3519.999757
2018-12-11,3515.999877
2018-12-12,3509.999906
2018-12-13,3524.999918
2018-12-14,3532.503758
2018-12-17,3535.000187
2018-12-18,3539.999631
2018-12-19,3519.999914
2018-12-20,3499.999849
2018-12-21,3482.503758
2018-12-24,3537.502072
2018-12-25,3532.787821
2018-12-26,3522.50449
2018-12-27,3475.000093
2018-12-28,3480.000347
2018-12-31,3490.000384
2019-01-01,3481.450331
2019-01-02,3484.99983
2019-01-03,3485.000582
2019-01-04,3495.000347
2019-01-07,3499.999612
2019-01-08,3509.999861
2019-01-09,3576.24981
2019-01-10,3565.000194
2019-01-11,3584.65038
2019-01-14,3599.999701
2019-01-15,3617.505105
2019-01-16,3629.000347
2019-01-17,3610.000585
2019-01-18,3610.000347
2019-01-21,3646.850198
2019-01-22,3610.000135
2019-01-23,3565.000119
2019-01-24,3554.999814
2019-01-25,3555.000347
2019-01-28,3529.99979
2019-01-29,3517.50572
2019-01-30,3499.999536
2019-01-31,3501.799278
2019-02-01,3460.000347
2019-02-04,3467.999344
2019-02-05,3465.00042
2019-02-06,3519.99999
2019-02-07,3534.999744
2019-02-08,3545.000347
2019-02-11,3575.000533
2019-02-12,3604.999828
2019-02-13,3607.999875
2019-02-14,3603.000228
2019-02-15,3575.000347
2019-02-18,3567.949722
2019-02-19,3534.999888
2019-02-20,3500.000275
2019-02-21,3504.999715
2019-02-22,3557.000347
2019-02-25,3555.999941
2019-02-26,3499.999948
2019-02-27,3499.999781
2019-02-28,3529.999933
2019-03-01,3530.000347
2019-03-04,3549.999734
2019-03-05,3549.999986
2019-03-06,3550.000026
2019-03-07,3550.000135
2019-03-08,3550.000347
2019-03-11,3530.000199
2019-03-12,3534.999928
2019-03-13,3495.000133
2019-03-14,3500.000282
2019-03-15,3495.000347
2019-03-18,3539.149903
2019-03-19,3514.999822
2019-03-20,3524.999961
2019-03-21,3544.999716
2019-03-22,3545.000347
2019-03-25,3549.999616
2019-03-26,3550.999955
2019-03-27,3549.999789
2019-03-28,3562.5000680000003
2019-03-29,3575.000347
2019-04-01,3600.000109
2019-04-02,3595.000038
2019-04-03,3620.000209
2019-04-04,3615.000042
2019-04-05,3605.000347
2019-04-08,3600.000113
2019-04-09,3600.000099
2019-04-10,3599.999992
2019-04-11,3645.701794
2019-04-12,3550.000347
2019-04-15,3550.000258
2019-04-16,3539.999884
2019-04-17,3520.000124
2019-04-18,3549.999962
2019-04-19,3555.000347
2019-04-22,3587.502819
2019-04-23,3575.00007
2019-04-24,3572.501145
2019-04-25,3605.000211
2019-04-26,3615.000347
2019-04-29,3619.999475
2019-04-30,3625.000233
2019-05-01,3625.0002
2019-05-02,3620.000179
2019-05-03,3620.000347
2019-05-06,3624.999756
2019-05-07,3612.498585
2019-05-08,3612.504398
2019-05-09,3597.501922
2019-05-10,3600.000347
2019-05-13,3595.000015
2019-05-14,3600.00021
2019-05-15,3610.000148
2019-05-16,3622.497369
2019-05-17,3630.000347
2019-05-20,3644.999878
2019-05-21,3644.999908
2019-05-22,3689.52774
2019-05-23,3669.999586
2019-05-24,3660.000347
2019-05-27,3674.850316
2019-05-28,3676.99982
2019-05-29,3645.000303
2019-05-30,3650.000068
2019-05-31,3650.000347
2019-06-03,3669.999787
2019-06-04,3658.999558
2019-06-05,3650.000265
2019-06-06,3622.505356
2019-06-07,3617.503758
2019-06-10,3650.000268
2019-06-11,3611.498309
2019-06-12,3624.999901
2019-06-13,3614.999779
2019-06-14,3603.000347
2019-06-17,3599.999917
2019-06-18,3605.000487
2019-06-19,3599.999685
2019-06-20,3604.999774
2019-06-21,3645.303758
2019-06-24,3610.000118
2019-06-25,3653.249618
2019-06-26,3629.999585
2019-06-27,3624.999711
2019-06-28,3602.503758
2019-07-01,3664.849776
2019-07-02,3655.805187
2019-07-03,3604.999841
2019-07-04,3659.449807
2019-07-05,3610.000347
2019-07-08,3649.999995
2019-07-09,3634.99971
2019-07-10,3629.99976
2019-07-11,3624.999978
2019-07-12,3622.503758
2019-07-15,3617.501428
2019-07-16,3654.750133
2019-07-17,3617.502075
2019-07-18,3614.99999
2019-07-19,3612.503758
2019-07-22,3607.517253
2019-07-23,3615.000168
2019-07-24,3610.000255
2019-07-25,3610.00004
2019-07-26,3618.000347
2019-07-29,3624.999831
2019-07-30,3664.999966
2019-07-31,3653.999948
2019-08-01,3653.999886
2019-08-02,3657.503758
2019-08-05,3650.000087
2019-08-06,3650.00026
2019-08-07,3665.000083
2019-08-08,3664.999682
2019-08-09,3675.000347
2019-08-12,3684.849452
2019-08-13,3685.606766
2019-08-14,3687.600029
2019-08-15,3687.550349
2019-08-16,3696.403758
2019-08-19,3693.150493
2019-08-20,3695.249935
2019-08-21,3696.501579
2019-08-22,3713.598559
2019-08-23,3728.303758
2019-08-26,3674.999942
2019-08-27,3705.000086
2019-08-28,3704.999654
2019-08-29,3704.999744
2019-08-30,3705.000347
2019-09-02,3732.749862
2019-09-03,3720.000226
2019-09-04,3720.000497
2019-09-05,3680.000117
2019-09-06,3680.000347
2019-09-09,3735.403029
2019-09-10,3743.200451
2019-09-11,3724.999997
2019-09-12,3743.450523
2019-09-13,3725.000347
2019-09-16,3739.999601
2019-09-17,3740.000418
2019-09-18,3750.000197
2019-09-19,3739.999991
2019-09-20,3750.000347
2019-09-23,3749.999664
2019-09-24,3775.000369
2019-09-25,3745.000368
2019-09-26,3745.000278
2019-09-27,3722.503758
2019-09-30,3747.597346
2019-10-01,3718.749816
2019-10-02,3713.999905
2019-10-03,3654.000011
2019-10-04,3637.503758
2019-10-07,3662.000124
2019-10-08,3652.000021
2019-10-09,3644.999812
2019-10-10,3649.999719
2019-10-11,3650.000347
2019-10-14,3723.550402
2019-10-15,3646.99994
2019-10-16,3646.999861
2019-10-17,3640.000238
2019-10-18,3626.000347
2019-10-21,3624.999756
2019-10-22,3624.999879
2019-10-23,3639.999997
2019-10-24,3650.000101
2019-10-25,3650.000347
2019-10-28,3656.000483
2019-10-29,3676.999885
2019-10-30,3674.999957
2019-10-31,3654.999886
2019-11-01,3680.268204
2019-11-04,3654.999968
2019-11-05,3665.000314
2019-11-06,3674.503331
2019-11-07,3680.00005
2019-11-08,3697.000347
2019-11-11,3717.502909
2019-11-12,3717.503654
2019-11-13,3714.984102
2019-11-14,3712.99976
2019-11-15,3705.000347
2019-11-18,3724.666402
2019-11-19,3699.999985
2019-11-20,3699.999403
2019-11-21,3679.999836
2019-11-22,3650.000347
2019-11-25,3604.999984
2019-11-26,3607.999768
2019-11-27,3609.999767
2019-11-28,3683.805299
2019-11-29,3608.000347
2019-12-02,3628.999742
2019-12-03,3626.999938
2019-12-04,3627.000149
2019-12-05,3625.000109
2019-12-06,3625.000347
2019-12-09,3614.999741
2019-12-10,3614.999906
2019-12-11,3609.999903
2019-12-12,3624.999752
2019-12-13,3612.000347
2019-12-16,3616.431499
2019-12-17,3611.470801
2019-12-18,3605.000181
2019-12-19,3649.999798
2019-12-20,3608.000347
2019-12-23,3610.000354
2019-12-24,3610.000289
2019-12-25,3668.7596
2019-12-26,3605.000047
2019-12-27,3615.000347
2019-12-30,3632.000234
2019-12-31,3695.723905
2020-01-01,3709.950302
2020-01-02,3630.000219
2020-01-03,3620.000347
2020-01-06,3619.999694
2020-01-07,3656.000007
2020-01-08,3656.00007
2020-01-09,3683.000052
2020-01-10,3705.000347
2020-01-13,3714.999866
2020-01-14,3715.000018
2020-01-15,3694.999882
2020-01-16,3695.000517
2020-01-17,3722.362404
2020-01-20,3658.999617
2020-01-21,3655.000193
2020-01-22,3650.000212
2020-01-23,3647.999697
2020-01-24,3660.000347
2020-01-27,3695.504396
2020-01-28,3624.999677
2020-01-29,3639.999851
2020-01-30,3634.999699
2020-01-31,3625.000347
2020-02-03,3684.515898
2020-02-04,3619.999828
2020-02-05,3619.999392
2020-02-06,3703.072604
2020-02-07,3688.503758
2020-02-10,3672.999656
2020-02-11,3669.000169
2020-02-12,3712.996203
2020-02-13,3700.000299
2020-02-14,3705.000347
2020-02-17,3697.498022
2020-02-18,3702.495467
2020-02-19,3715.000278
2020-02-20,3724.99999
2020-02-21,3720.000347
2020-02-24,3724.000323
2020-02-25,3719.99949
2020-02-26,3715.000115
2020-02-27,3716.511051
2020-02-28,3703.000347
2020-03-02,3706.999721
2020-03-03,3672.000282
2020-03-04,3685.000317
2020-03-05,3650.000073
2020-03-06,3655.000347
2020-03-09,3664.999662
2020-03-10,3647.49947
2020-03-11,3715.889304
2020-03-12,3649.999968
2020-03-13,3657.000347
2020-03-16,3693.8063585
2020-03-17,3730.612703
2020-03-18,3699.999834
2020-03-19,3754.999942
2020-03-20,3752.000347
2020-03-23,3749.999671
2020-03-24,3754.830096
2020-03-25,3744.999691
2020-03-26,3746.00002
2020-03-27,3722.000347
2020-03-30,3723.999813
2020-03-31,3752.497406
2020-04-01,3744.999712
2020-04-02,3749.9999
2020-04-03,3750.000347
2020-04-06,3753.999519
2020-04-07,3751.999941
2020-04-08,3755.000033
2020-04-09,3750.000014
2020-04-10,3750.000347
2020-04-13,3757.502513
2020-04-14,3750.000154
2020-04-15,3749.99988
2020-04-16,3744.999927
2020-04-17,3750.000347
2020-04-20,3784.999458
2020-04-21,3774.999981
2020-04-22,3785.000283
2020-04-23,3784.999776
2020-04-24,3802.000347
2020-04-27,3804.999642
2020-04-28,3804.999832
2020-04-29,3802.99974
2020-04-30,3797.999885
2020-05-01,3780.000347
2020-05-04,3789.999822
2020-05-05,3792.000296
2020-05-06,3799.999773
2020-05-07,3805.000149
2020-05-08,3800.000347
2020-05-11,3815.000296
2020-05-12,3815.000066
2020-05-13,3809.99974
2020-05-14,3815.000213
2020-05-15,3815.000347
2020-05-18,3819.999852
2020-05-19,3812.501556
2020-05-20,3815.00036
2020-05-21,3820.000381
2020-05-22,3807.503758
2020-05-25,3824.734099
2020-05-26,3802.502577
2020-05-27,3802.500423
2020-05-28,3802.498365
2020-05-29,3790.000347
2020-06-01,3794.999422
2020-06-02,3792.000054
2020-06-03,3755.000098
2020-06-04,3750.000183
2020-06-05,3750.000347
2020-06-08,3757.0004
2020-06-09,3770.497336
2020-06-10,3812.749631
2020-06-11,3800.000195
2020-06-12,3813.000347
2020-06-15,3830.000309
2020-06-16,3824.999767
2020-06-17,3840.000433
2020-06-18,3844.999761
2020-06-19,3850.000347
2020-06-22,3845.000038
2020-06-23,3844.999867
2020-06-24,3846.999506
2020-06-25,3871.499618
2020-06-26,3850.000347
2020-06-29,3845.000251
2020-06-30,3850.000101
2020-07-01,3844.999952
2020-07-02,3850.999598
2020-07-03,3850.000347
2020-07-06,3850.000209
2020-07-07,3847.000324
2020-07-08,3837.498965
2020-07-09,3830.000074
2020-07-10,3842.503758
2020-07-13,3846.000264
2020-07-14,3837.50062
2020-07-15,3832.00016
2020-07-16,3824.999547
2020-07-17,3830.000347
2020-07-20,3820.000104
2020-07-21,3824.999583
2020-07-22,3819.999518
2020-07-23,3824.999787
2020-07-24,3820.000347
2020-07-27,3815.000406
2020-07-28,3812.495836
2020-07-29,3800.000116
2020-07-30,3799.99989
2020-07-31,3802.000347
2020-08-03,3799.999868
2020-08-04,3800.000148
2020-08-05,3849.103004
2020-08-06,3784.999829
2020-08-07,3789.000347
2020-08-10,3799.50232
2020-08-11,3836.999987
2020-08-12,3797.505751
2020-08-13,3802.501137
2020-08-14,3836.478304
2020-08-17,3797.000149
2020-08-18,3827.465403
2020-08-19,3833.955102
2020-08-20,3845.070699
2020-08-21,3851.912104
2020-08-24,3849.539902
2020-08-25,3849.169399
2020-08-26,3851.313962
2020-08-27,3853.268601
2020-08-28,3850.276604
2020-08-31,3850.821704
2020-09-01,3833.5453
2020-09-02,3834.467799
2020-09-03,3854.651303
2020-09-04,3815.000347
2020-09-07,3853.534304
2020-09-08,3860.000311
2020-09-09,3837.999762
2020-09-10,3829.999455
2020-09-11,3850.000347
2020-09-14,3829.999847
2020-09-15,3832.999835
2020-09-16,3830.000143
2020-09-17,3845.000023
2020-09-18,3846.000347
2020-09-21,3852.000012
2020-09-22,3877.000321
2020-09-23,3852.000269
2020-09-24,3875.000308
2020-09-25,3887.098904
2020-09-28,3884.999859
2020-09-29,3885.000432
2020-09-30,3905.000235
2020-10-01,3899.999957
2020-10-02,3900.000347
2020-10-05,3892.499323
2020-10-06,3892.499016
2020-10-07,3889.619202
2020-10-08,3900.000259
2020-10-09,3895.000347
2020-10-12,3894.179939
2020-10-13,3909.999667
2020-10-14,3920.000226
2020-10-15,3915.000084
2020-10-16,3925.000347
2020-10-19,3924.999642
2020-10-20,3937.499754
2020-10-21,3924.999876
2020-10-22,3922.9998
2020-10-23,3920.000347
2020-10-26,3925.000028
2020-10-27,3949.999699
2020-10-28,3949.999774
2020-10-29,3974.027421
2020-10-30,3902.000347
2020-11-02,3904.999751
2020-11-03,3911.999958
2020-11-04,3905.000422
2020-11-05,3895.000273
2020-11-06,3880.000347
2020-11-09,3885.000221
2020-11-10,3884.999855
2020-11-11,3942.600485
2020-11-12,3895.000243
2020-11-13,3950.000347
2020-11-16,3975.00005
2020-11-17,3975.000221
2020-11-18,3970.000053
2020-11-19,3925.000515
2020-11-20,3927.503758
2020-11-23,3915.000035
2020-11-24,3927.494772
2020-11-25,3885.000351
2020-11-26,3909.447628
2020-11-27,3790.000347
2020-11-30,3785.000537
2020-12-01,3775.000217
2020-12-02,3720.000327
2020-12-03,3724.999616
2020-12-04,3725.000347
2020-12-07,3735.000303
2020-12-08,3734.999906
2020-12-09,3740.000602
2020-12-10,3725.000149
2020-12-11,3735.000347
2020-12-14,3725.000276
2020-12-15,3730.000234
2020-12-16,3725.000551
2020-12-17,3725.000408
2020-12-18,3745.000347
2020-12-21,3740.000143
2020-12-22,3780.000097
2020-12-23,3780.000168
2020-12-24,3779.999784
2020-12-25,3909.262434
2020-12-28,3825.000086
2020-12-29,3825.000157
2020-12-30,3830.000246
2020-12-31,3825.000262
2021-01-01,3840.000347
2021-01-04,3894.999557
2021-01-05,3839.99981
2021-01-06,3817.484777
2021-01-07,3769.999958
2021-01-08,3793.000347
2021-01-11,3809.999842
2021-01-12,3787.496752
2021-01-13,3782.496222
2021-01-14,3749.99971
2021-01-15,3759.000347
2021-01-18,3793.628292
2021-01-19,3760.000429
2021-01-20,3776.999853
2021-01-21,3795.000332
2021-01-22,3760.000347
2021-01-25,3769.999882
2021-01-26,3779.999645
2021-01-27,3782.49315
2021-01-28,3782.505131
2021-01-29,3785.000347
2021-02-01,3779.999849
2021-02-02,3749.999902
2021-02-03,3775.000028
2021-02-04,3745.000203
2021-02-05,3780.000347
2021-02-08,3710.000112
2021-02-09,3724.999879
2021-02-10,3720.000234
2021-02-11,3764.999855
2021-02-12,3769.000347
2021-02-15,3753.432565
2021-02-16,3720.000301
2021-02-17,3761.50406
2021-02-18,3745.000063
2021-02-19,3755.000347
2021-02-22,3767.498247
2021-02-23,3767.497113
2021-02-24,3750.00033
2021-02-25,3754.722533
2021-02-26,3721.751552
2021-03-01,3770.000164
2021-03-02,3725.000111
2021-03-03,3750.000114
2021-03-04,3733.999969
2021-03-05,3744.000347
2021-03-08,3759.999965
2021-03-09,3775.000129
2021-03-10,3754.999536
2021-03-11,3769.999781
2021-03-12,3777.503758
2021-03-15,3765.000287
2021-03-16,3775.000261
2021-03-17,3779.99989
2021-03-18,3765.00005
2021-03-19,3770.000347
2021-03-22,3760.000011
2021-03-23,3790.000107
2021-03-24,3779.999914
2021-03-25,3797.00013
2021-03-26,3795.000347
2021-03-29,3805.000259
2021-03-30,3760.000294
2021-03-31,3785.000496
2021-04-01,3784.999616
2021-04-02,3790.000347
2021-04-05,3793.084079
2021-04-06,3809.197544
2021-04-07,3811.7171
2021-04-08,3811.068493
2021-04-09,3805.909905
2021-04-12,3800.000237
2021-04-13,3774.999673
2021-04-14,3785.000231
2021-04-15,3779.999739
2021-04-16,3767.503758
2021-04-19,3759.999688
2021-04-20,3759.999842
2021-04-21,3789.999561
2021-04-22,3750.00059
2021-04-23,3765.000347
2021-04-26,3775.000129
2021-04-27,3779.99948
2021-04-28,3797.502199
2021-04-29,3764.999729
2021-04-30,3775.000347
2021-05-03,3750.00007
2021-05-04,3749.999875
2021-05-05,3749.999961
2021-05-06,3753.000199
2021-05-07,3755.000347
2021-05-10,3755.000175
2021-05-11,3764.41536
2021-05-12,3744.999901
2021-05-13,3760.000203
2021-05-14,3750.000347
2021-05-17,3750.000208
2021-05-18,3744.999771
2021-05-19,3740.000287
2021-05-20,3751.000234
2021-05-21,3758.000347
2021-05-24,3759.999801
2021-05-25,3735.000045
2021-05-26,3742.999681
2021-05-27,3750.000026
2021-05-28,3751.000347
2021-05-31,3753.682578
2021-06-01,3749.999914
2021-06-02,3751.000533
2021-06-03,3748.99973
2021-06-04,3753.000347
2021-06-07,3752.999756
2021-06-08,3772.110128
2021-06-09,3775.000188
2021-06-10,3774.999949
2021-06-11,3780.000347
2021-06-14,3794.999933
2021-06-15,3784.999973
2021-06-16,3754.999966
2021-06-17,3753.999569
2021-06-18,3754.000347
2021-06-21,3760.000068
2021-06-22,3768.999872
2021-06-23,3770.000136
2021-06-24,3814.999881
2021-06-25,3812.503758
2021-06-28,3825.000121
2021-06-29,3840.498969
2021-06-30,3929.999906
2021-07-01,3919.999658
2021-07-02,3895.000347
2021-07-05,3909.641952
2021-07-06,3854.999832
2021-07-07,3855.000131
2021-07-08,3803.999791
2021-07-09,3748.000347
2021-07-12,3760.000368
2021-07-13,3764.99989
2021-07-14,3777.500169
2021-07-15,3800.000218
2021-07-16,3906.266153
2021-07-19,3899.160376
2021-07-20,3824.999874
2021-07-21,3814.99987
2021-07-22,3814.999944
2021-07-23,3815.000347
2021-07-26,3810.000503
2021-07-27,3815.000365
2021-07-28,3814.999788
2021-07-29,3807.660886
2021-07-30,3815.755203
2021-08-02,3815.836389
2021-08-03,3789.920844
2021-08-04,3819.999844
2021-08-05,3825.000097
2021-08-06,3904.871623
2021-08-09,3904.20211
2021-08-10,3908.620219
2021-08-11,3820.798292
2021-08-12,3906.670642
2021-08-13,3906.840385
2021-08-16,3906.71816
2021-08-17,3905.319208
2021-08-18,3908.968662
2021-08-19,3908.660731
2021-08-20,3830.000347
2021-08-23,3830.000077
2021-08-24,3830.000035
2021-08-25,3840.000286
2021-08-26,3848.00028
2021-08-27,3920.754444
2021-08-30,3922.633152
2021-08-31,3915.839515
2021-09-01,3921.648089
2021-09-02,3922.558653
2021-09-03,3923.96097
2021-09-06,3918.332947
2021-09-07,3926.912873
2021-09-08,3925.290736
2021-09-09,3923.409543
2021-09-10,3917.904078
2021-09-13,3860.000092
2021-09-14,3923.070409
2021-09-15,3854.999569
2021-09-16,3867.495895
2021-09-17,3902.503758
2021-09-20,3944.9998
2021-09-21,3914.999917
2021-09-22,3909.99992
2021-09-23,3944.999889
2021-09-24,3930.000347
2021-09-27,3919.999647
2021-09-28,3942.514378
2021-09-29,3964.999659
2021-09-30,3950.000245
2021-10-01,3950.000347
2021-10-04,3925.00035
2021-10-05,3915.000246
2021-10-06,3946.727358
2021-10-07,3917.50499
2021-10-08,3912.503758
2021-10-11,3959.395603
2021-10-12,3965.000137
2021-10-13,3974.999976
2021-10-14,3982.499774
2021-10-15,3945.000347
2021-10-18,3962.495061
2021-10-19,3954.999815
2021-10-20,3945.000179
2021-10-21,3950.000148
2021-10-22,3925.000347
2021-10-25,3934.999886
2021-10-26,3967.467524
2021-10-27,3959.999576
2021-10-28,3962.502988
2021-10-29,3962.503758
2021-11-01,3960.000288
2021-11-02,3959.999716
2021-11-03,3964.999996
2021-11-04,3970.000259
2021-11-05,3967.503758
2021-11-08,3969.999953
2021-11-09,3959.999855
2021-11-10,3960.000089
2021-11-11,3973.134068
2021-11-12,3987.503758
2021-11-15,3992.495828
2021-11-16,3990.000356
2021-11-17,3989.999517
2021-11-18,3990.000039
2021-11-19,3987.633338
2021-11-22,4000.00049
2021-11-23,3988.000114
2021-11-24,3989.999996
2021-11-25,3981.509535
2021-11-26,3985.000347
2021-11-29,3984.99958
2021-11-30,3989.999926
2021-12-01,3989.999915
2021-12-02,3985.000373
2021-12-03,3985.000347
2021-12-06,3984.999712
2021-12-07,3974.999851
2021-12-08,3969.99978
2021-12-09,3978.418094
2021-12-10,3975.000347
2021-12-13,3967.495414
2021-12-14,3974.999566
2021-12-15,3981.000153
2021-12-16,3959.999498
2021-12-17,3960.000347
2021-12-20,3965.00016
2021-12-21,3969.999698
2021-12-22,3820.000103
2021-12-23,3815.000161
2021-12-24,3955.000347
2021-12-27,3977.499844
2021-12-28,3960.000009
2021-12-29,3964.999665
2021-12-30,3965.000038
2021-12-31,3965.000347
2022-01-03,3964.999833
2022-01-04,3959.99985
2022-01-05,3965.000072
2022-01-06,3956.99979
2022-01-07,3955.000347
2022-01-10,3959.999827
2022-01-11,3954.999969
2022-01-12,3964.999524
2022-01-13,3965.00034
2022-01-14,3965.000347
2022-01-17,3985.168768
2022-01-18,3994.999912
2022-01-19,3994.999726
2022-01-20,4010.000043
2022-01-21,4005.000347
2022-01-24,3999.999375
2022-01-25,4004.999514
2022-01-26,4000.000043
2022-01-27,4000.999828
2022-01-28,4000.000347
2022-01-31,3999.99999
2022-02-01,4004.99975
2022-02-02,3988.400348
2022-02-03,4005.000179
2022-02-04,4010.000347
2022-02-07,3995.000073
2022-02-08,3990.031638
2022-02-09,4000.000254
2022-02-10,3995.000311
2022-02-11,3990.000347
2022-02-14,3990.000113
2022-02-15,3990.000314
2022-02-16,3977.999885
2022-02-17,3980.000011
2022-02-18,3975.000347
2022-02-21,3983.293167
2022-02-22,3980.000247
2022-02-23,3980.000004
2022-02-24,3980.000341
2022-02-25,3985.000347
2022-02-28,3985.000013
2022-03-01,3988.782639
2022-03-02,3998.000398
2022-03-03,3995.382231
2022-03-04,4018.199962
2022-03-07,4000.000043
2022-03-08,4004.999725
2022-03-09,4009.999847
2022-03-10,4015.000475
2022-03-11,4020.000347
2022-03-14,4015.000277
2022-03-15,4016.999837
2022-03-16,4015.000291
2022-03-17,4015.000132
2022-03-18,4024.67038
2022-03-21,4014.999997
2022-03-22,4032.000182
2022-03-23,3995.000331
2022-03-24,3999.999901
2022-03-25,3995.000347
2022-03-28,3994.999781
2022-03-29,3997.999703
2022-03-30,3998.000217
2022-03-31,3985.000292
2022-04-01,3985.000347
2022-04-04,3985.000233
2022-04-05,3984.999689
2022-04-06,3994.99963
2022-04-07,3994.999991
2022-04-08,4000.000347
2022-04-11,4005.000123
2022-04-12,4000.00027
2022-04-13,3999.999871
2022-04-14,3999.999989
2022-04-15,4000.000347
2022-04-18,4000.000235
2022-04-19,3997.500677
2022-04-20,4000.000124
2022-04-21,4064.941176
2022-04-22,4000.000347
2022-04-25,4004.999949
2022-04-26,3999.999974
2022-04-27,3999.999742
2022-04-28,4001.999682
2022-04-29,4000.000347
2022-05-02,3996.999748
2022-05-03,4004.999821
2022-05-04,4004.999969
2022-05-05,4005.000369
2022-05-06,4006.000347
2022-05-09,4005.000131
2022-05-10,3999.999824
2022-05-11,3994.999829
2022-05-12,3996.000029
2022-05-13,3994.000347
2022-05-16,3999.999913
2022-05-17,3996.99988
2022-05-18,4044.999817
2022-05-19,4045.497786
2022-05-20,3995.000347
2022-05-23,3994.999802
2022-05-24,3987.505413
2022-05-25,3989.999719
2022-05-26,3984.999955
2022-05-27,3982.503758
2022-05-30,4041.329214
2022-05-31,3992.502064
2022-06-01,3992.999759
2022-06-02,3995.000377
2022-06-03,3995.000347
2022-06-06,3997.000036
2022-06-07,3997.496045
2022-06-08,4051.046766
2022-06-09,3995.00025
2022-06-10,4015.000347
2022-06-13,4014.999802
2022-06-14,4060.785497
2022-06-15,4053.883935
2022-06-16,4059.508185
2022-06-17,4050.000347
2022-06-20,4064.677609
2022-06-21,4044.999749
2022-06-22,4049.999968
2022-06-23,4056.999845
2022-06-24,4060.000347
2022-06-27,4064.498722
2022-06-28,4075.696119
2022-06-29,4072.60447
2022-06-30,4079.113696
2022-07-01,4076.427089
2022-07-04,4082.395033
2022-07-05,4084.567068
2022-07-06,4090.802963
2022-07-07,4092.746683
2022-07-08,4077.697474
2022-07-11,4101.107457
2022-07-12,4123.532165
2022-07-13,4094.521528
2022-07-14,4113.010484
2022-07-15,4211.967818
2022-07-18,4206.631749
2022-07-19,4208.15551
2022-07-20,4205.626794
2022-07-21,4206.702705
2022-07-22,4212.33244
2022-07-25,4203.815496
2022-07-26,4212.227771
2022-07-27,4115.000061
2022-07-28,4212.498512
2022-07-29,4165.000347
2022-08-01,4159.99981
2022-08-02,4131.50203
2022-08-03,4144.000106
2022-08-04,4169.999855
2022-08-05,4120.000347
2022-08-08,4174.999694
2022-08-09,4185.000398
2022-08-10,4139.49205
2022-08-11,4105.999762
2022-08-12,4100.000347
2022-08-15,4105.000351
2022-08-16,4114.999882
2022-08-17,4129.267357
2022-08-18,4124.999651
2022-08-19,4125.000347
2022-08-22,4116.000374
2022-08-23,4115.000196
2022-08-24,4114.999515
2022-08-25,4114.999459
2022-08-26,4120.000347
2022-08-29,4150.000318
2022-08-30,4125.000353
2022-08-31,4125.000276
2022-09-01,4124.99974
2022-09-02,4125.000347
2022-09-05,4124.999982
2022-09-06,4130.000111
2022-09-07,4120.000131
2022-09-08,4120.000217
2022-09-09,4125.000347
2022-09-12,4135.000288
2022-09-13,4135.000314
2022-09-14,4215.214285
2022-09-15,4124.999934
2022-09-16,4120.000347
2022-09-19,4161.30997
2022-09-20,4000.000188
2022-09-21,3993.999751
2022-09-22,4144.999967
2022-09-23,4148.000347
2022-09-26,4147.999763
2022-09-27,4174.000011
2022-09-28,4174.999743
2022-09-29,4243.590536
2022-09-30,4197.000347
2022-10-03,4197.000044
2022-10-04,4247.307152
2022-10-05,4263.690145
2022-10-06,4210.000121
2022-10-07,4210.000347
2022-10-10,4210.00059
2022-10-11,4215.000039
2022-10-12,4218.999911
2022-10-13,4224.999682
2022-10-14,4225.000347
2022-10-17,4230.000147
2022-10-18,4229.999882
2022-10-19,4240.000577
2022-10-20,4244.999667
2022-10-21,4245.000347
2022-10-24,4247.999916
2022-10-25,4249.999858
2022-10-26,4271.000172
2022-10-27,4260.000269
2022-10-28,4260.000347
2022-10-31,4279.958917
2022-11-01,4275.000048
2022-11-02,4275.000265
2022-11-03,4279.999816
2022-11-04,4277.503758
2022-11-07,4275.000077
2022-11-08,4292.000327
2022-11-09,4280.636758
2022-11-10,4307.000082
2022-11-11,4307.000347
2022-11-14,4309.999852
2022-11-15,4309.99997
2022-11-16,4315.000009
2022-11-17,4317.000462
2022-11-18,4317.000347
2022-11-21,4319.999914
2022-11-22,4330.000128
2022-11-23,4339.999805
2022-11-24,4340.294202
2022-11-25,4340.000347
2022-11-28,4350.999745
2022-11-29,4355.000236
2022-11-30,4360.000099
2022-12-01,4363.000423
2022-12-02,4365.000347
2022-12-05,4369.734603
2022-12-06,4374.8670845
2022-12-07,4379.999566
2022-12-08,4374.999703
2022-12-09,4380.000347
2022-12-12,4417.345737
2022-12-13,4405.000227
2022-12-14,4415.000296
2022-12-15,4422.487821
2022-12-16,4425.000347
2022-12-19,4429.999925
2022-12-20,4435.000082
2022-12-21,4445.000149
2022-12-22,4445.000022
2022-12-23,4455.000347
2022-12-26,4464.999989
2022-12-27,4466.000252
2022-12-28,4464.999766
2022-12-29,4467.999714
2022-12-30,4480.000347
2023-01-02,4466.193353
2023-01-03,4486.000223
2023-01-04,4485.999744
2023-01-05,4495.000141
2023-01-06,4500.000347
2023-01-09,4510.000336
2023-01-10,4524.999885
2023-01-11,4529.999799
2023-01-12,4500.000248
2023-01-13,4480.000347
2023-01-16,4477.416733
2023-01-17,4359.999818
2023-01-18,4339.999976
2023-01-19,4310.000094
2023-01-20,4270.669678
2023-01-23,4314.999921
2023-01-24,4267.703492
2023-01-25,4314.999707
2023-01-26,4317.500338
2023-01-27,4265.000347
2023-01-30,4270.732983
2023-01-31,4284.961518
2023-02-01,4287.999747
2023-02-02,4285.000501
2023-02-03,4270.491091
2023-02-06,4294.999818
2023-02-07,4299.999815
2023-02-08,4305.000178
2023-02-09,4314.999802
2023-02-10,4310.000347
2023-02-13,4320.307267
2023-02-14,4311.999627
2023-02-15,4301.922987
2023-02-16,4310.000135
2023-02-17,4312.503758
2023-02-20,4289.642195
2023-02-21,4289.157871
2023-02-22,4279.552295
2023-02-23,4301.16864
2023-02-24,4300.000347
2023-02-27,4301.000269
2023-02-28,4285.976808
2023-03-01,4304.000079
2023-03-02,4324.999849
2023-03-03,4325.000347
2023-03-06,4324.999869
2023-03-07,4328.999695
2023-03-08,4323.999882
2023-03-09,4324.999945
2023-03-10,4280.144676
2023-03-13,4321.999871
2023-03-14,4319.999842
2023-03-15,4322.000013
2023-03-16,4324.999719
2023-03-17,4282.882064
2023-03-20,4301.697891
2023-03-21,4299.98794
2023-03-22,4354.188858
2023-03-23,4361.822799
2023-03-24,4316.157865
2023-03-27,4337.498169
2023-03-28,4327.107158
2023-03-29,4329.999689
2023-03-30,4328.999374
2023-03-31,4345.000347
2023-04-03,4339.000242
2023-04-04,4344.999374
2023-04-05,4360.000382
2023-04-06,4359.583108
2023-04-07,4365.000347
2023-04-10,4370.000429
2023-04-11,4373.999912
2023-04-12,4377.000287
2023-04-13,4382.000285
2023-04-14,4390.000347
2023-04-17,4394.999669
2023-04-18,4395.000063
2023-04-19,4387.602005
2023-04-20,4409.999705
2023-04-21,4410.000347
2023-04-24,4399.800914
2023-04-25,4405.000231
2023-04-26,4420.000217
2023-04-27,4415.999933
2023-04-28,4415.000347
2023-05-01,4415.000132
2023-05-02,4414.999894
2023-05-03,4410.000437
2023-05-04,4407.512855
2023-05-05,4412.503758
2023-05-08,4412.490979
2023-05-09,4409.999929
2023-05-10,4409.999844
2023-05-11,4400.000359
2023-05-12,4400.000347
2023-05-15,4404.999784
2023-05-16,4404.999798
2023-05-17,4410.000286
2023-05-18,4405.000353
2023-05-19,4410.000347
2023-05-22,4415.000204
2023-05-23,4413.000113
2023-05-24,4409.999881
2023-05-25,4409.999825
2023-05-26,4410.000347
2023-05-29,4405.027386
2023-05-30,4405.770637
2023-05-31,4413.000446
2023-06-01,4395.532593
2023-06-02,4415.000347
2023-06-05,4397.851018
2023-06-06,4429.999596
2023-06-07,4430.000041
2023-06-08,4432.122638
2023-06-09,4425.000347
2023-06-12,4424.999927
2023-06-13,4437.000038
2023-06-14,4452.000172
2023-06-15,4465.000106
2023-06-16,4465.000347
2023-06-19,4470.000515
2023-06-20,4484.5617
2023-06-21,4499.999556
2023-06-22,4505.000247
2023-06-23,4500.000347
2023-06-26,4502.000491
2023-06-27,4502.000264
2023-06-28,4527.527064
2023-06-29,4530.000155
2023-06-30,4530.000347
2023-07-03,4531.000245
2023-07-04,4552.299104
2023-07-05,4530.999766
2023-07-06,4530.000084
2023-07-07,4535.000347
2023-07-10,4540.000174
2023-07-11,4540.000195
2023-07-12,4537.000216
2023-07-13,4525.00011
2023-07-14,4514.057441
2023-07-17,4524.999924
2023-07-18,4504.999989
2023-07-19,4475.000365
2023-07-20,4470.000173
2023-07-21,4465.000347
2023-07-24,4474.999748
2023-07-25,4475.000215
2023-07-26,4470.000047
2023-07-27,4469.999915
2023-07-28,4455.000347
2023-07-31,4454.999578
2023-08-01,4465.000043
2023-08-02,4518.568178
2023-08-03,4455.000192
2023-08-04,4513.174851
2023-08-07,4452.054795
2023-08-08,4448.379089
2023-08-09,4448.352369
2023-08-10,4507.739601
2023-08-11,4506.798854
2023-08-14,4459.999774
2023-08-15,4458.999975
2023-08-16,4459.999949
2023-08-17,4464.999751
2023-08-18,4465.000347
2023-08-21,4469.999829
2023-08-22,4469.751606
2023-08-23,4469.503383
2023-08-24,4474.999875
2023-08-25,4528.755841
2023-08-28,4527.101092
2023-08-29,4519.31928
2023-08-30,4521.544179
2023-08-31,4518.823064
2023-09-01,4514.169014
2023-09-04,4513.876024
2023-09-05,4517.392521
2023-09-06,4474.999683
2023-09-07,4474.999753
2023-09-08,4475.000347
2023-09-11,4480.000092
2023-09-12,4475.000012
2023-09-13,4474.999968
2023-09-14,4490.000212
2023-09-15,4490.000347
2023-09-18,4491.99996
2023-09-19,4494.999956
2023-09-20,4495.000577
2023-09-21,4535.506005
2023-09-22,4500.000347
2023-09-25,4502.496877
2023-09-26,4514.999673
2023-09-27,4524.999949
2023-09-28,4521.999987
2023-09-29,4522.000347
2023-10-02,4524.999985
2023-10-03,4532.000015
2023-10-04,4525.000098
2023-10-05,4524.899747
2023-10-06,4522.518274
2023-10-09,4534.469087
2023-10-10,4544.999603
2023-10-11,4544.000015
2023-10-12,4535.000663
2023-10-13,4510.384628
2023-10-16,4540.000027
2023-10-17,4525.000052
2023-10-18,4537.983108
2023-10-19,4525.000174
2023-10-20,4515.000347
2023-10-23,4515.000133
2023-10-24,4520.000539
2023-10-25,4522.000179
2023-10-26,4522.000149
2023-10-27,4538.516236
2023-10-30,4519.99979
2023-10-31,4519.999935
2023-11-01,4520.999956
2023-11-02,4521.837084
2023-11-03,4488.122962
2023-11-06,4509.999994
2023-11-07,4510.000132
2023-11-08,4504.999987
2023-11-09,4500.000089
2023-11-10,4500.000347
2023-11-13,4504.999533
2023-11-14,4505.000334
2023-11-15,4494.99982
2023-11-16,4495.000321
2023-11-17,4495.000347
2023-11-20,4500.000149
2023-11-21,4495.000156
2023-11-22,4533.411564
2023-11-23,4541.766558
2023-11-24,4500.000347
2023-11-27,4499.999758
2023-11-28,4500.000066
2023-11-29,4500.000045
2023-11-30,4540.56134
2023-12-01,4500.000347
2023-12-04,4499.9996
2023-12-05,4530.000068
2023-12-06,4583.832586
2023-12-07,4567.402008
2023-12-08,4575.000347
2023-12-11,4577.494587
2023-12-12,4606.250347
2023-12-13,4575.000122
2023-12-14,4579.999895
2023-12-15,4580.000347
2023-12-18,4574.999727
2023-12-19,4584.999807
2023-12-20,4602.504982
2023-12-21,4585.000466
2023-12-22,4612.102229
2023-12-25,4615.538373
2023-12-26,4584.999823
2023-12-27,4590.000018
2023-12-28,4585.000231
2023-12-29,4608.161791
2024-01-01,4620.886334
2024-01-02,4589.99995
2024-01-03,4590.000311
2024-01-04,4604.999806
2024-01-05,4604.000347
2024-01-08,4604.99993
2024-01-09,4572.264643
2024-01-10,4578.548786
2024-01-11,4566.779933
2024-01-12,4603.000347
2024-01-15,4555.24524
2024-01-16,4561.709952
2024-01-17,4565.000219
2024-01-18,4559.999753
2024-01-19,4561.000347
2024-01-22,4550.000157
2024-01-23,4540.000292
2024-01-24,4545.000029
2024-01-25,4550.000229
2024-01-26,4545.000347
2024-01-29,4537.500185
2024-01-30,4540.000086
2024-01-31,4534.999626
2024-02-01,4540.000152
2024-02-02,4537.503758
2024-02-05,4536.082474
2024-02-06,4539.999964
2024-02-07,4559.999837
2024-02-08,4539.999782
2024-02-09,4555.000347
2024-02-12,4554.999931
2024-02-13,4555.00017
2024-02-14,4550.000177
2024-02-15,4551.9998
2024-02-16,4537.503758
2024-02-19,4535.650173
2024-02-20,4546.000116
2024-02-21,4543.00036
2024-02-22,4534.999847
2024-02-23,4535.000347
2024-02-26,4551.999962
2024-02-27,4545.000122
2024-02-28,4518.486395
2024-02-29,4534.999855
2024-03-01,4511.730431
2024-03-04,4510.000482
2024-03-05,4505.247826
2024-03-06,4514.999695
2024-03-07,4486.341744
2024-03-08,4510.000347
2024-03-11,4520.000235
2024-03-12,4514.999898
2024-03-13,4510.000524
2024-03-14,4509.99971
2024-03-15,4505.000347
2024-03-18,4497.006594
2024-03-19,4508.000072
2024-03-20,4482.502983
2024-03-21,4450.901225
2024-03-22,4412.503755
2024-03-25,4399.999686
2024-03-26,4386.220458
2024-03-27,4391.501874
2024-03-28,4391.520974
2024-03-29,4382.503755
2024-04-01,4384.999836
2024-04-02,4357.3958
2024-04-03,4347.725281
2024-04-04,4355.000638
2024-04-05,4401.124476
2024-04-08,4359.414632
2024-04-09,4347.999913
2024-04-10,4348.000321
2024-04-11,4377.936023
2024-04-12,4365.000347
2024-04-15,4364.999871
2024-04-16,4364.999856
2024-04-17,4375.579989
2024-04-18,4366.000082
2024-04-19,4405.000347
2024-04-22,4407.488498
2024-04-23,4407.502513
2024-04-24,4407.00038
2024-04-25,4437.488836
2024-04-26,4453.581274
2024-04-29,4438.999836
2024-04-30,4439.000077
2024-05-01,4445.000448
2024-05-02,4419.316403
2024-05-03,4440.000347
2024-05-06,4439.999947
2024-05-07,4445.00022
2024-05-08,4452.475981
2024-05-09,4452.500282
2024-05-10,4424.261541
2024-05-13,4421.098506
2024-05-14,4440.00019
2024-05-15,4445.000145
2024-05-16,4445.000127
2024-05-17,4442.503755
2024-05-20,4432.903303
2024-05-21,4442.497594
2024-05-22,4444.000185
2024-05-23,4443.000357
2024-05-24,4428.078293
2024-05-27,4433.601841
2024-05-28,4458.525399
2024-05-29,4440.000095
2024-05-30,4439.99988
2024-05-31,4440.000347
2024-06-03,4460.000125
2024-06-04,4469.999968
2024-06-05,4470.000127
2024-06-06,4474.000047
2024-06-07,4474.000347
2024-06-10,4477.502842
2024-06-11,4469.999833
2024-06-12,4469.999991
2024-06-13,4465.000162
2024-06-14,4470.000347
2024-06-17,4475.000018
2024-06-18,4476.497324
2024-06-19,4475.000179
2024-06-20,4476.999701
2024-06-21,4475.000347
2024-06-24,4474.999968
2024-06-25,4484.999708
2024-06-26,4485.000318
2024-06-27,4476.970241
2024-06-28,4479.535331
2024-07-01,4485.000147
2024-07-02,4483.217093
2024-07-03,4543.498398
2024-07-04,4459.940639
2024-07-05,4473.040911
2024-07-08,4481.596084
2024-07-09,4499.472935
2024-07-10,4559.474992
2024-07-11,4499.999902
2024-07-12,4505.000347
2024-07-15,4510.000096
2024-07-16,4495.093384
2024-07-17,4497.156129
2024-07-18,4510.212017
2024-07-19,4515.000347
2024-07-22,4515.000079
2024-07-23,4534.035172
2024-07-24,4537.503335
2024-07-25,4543.8835
2024-07-26,4549.388627
2024-07-29,4565.657871
2024-07-30,4555.000266
2024-07-31,4564.999758
2024-08-01,4570.000287
2024-08-02,4516.778831
2024-08-05,4569.999728
2024-08-06,4569.99974
2024-08-07,4542.103745
2024-08-08,4579.999991
2024-08-09,4600.000347
2024-08-12,4594.999725
2024-08-13,4600.000096
2024-08-14,4605.000149
2024-08-15,4603.326498
2024-08-16,4474.649993
2024-08-19,4604.999786
2024-08-20,4604.999981
2024-08-21,4610.000016
2024-08-22,4587.534506
2024-08-23,4580.000347
2024-08-26,4580.000082
2024-08-27,4572.509182
2024-08-28,4562.823106
2024-08-29,4581.000262
2024-08-30,4570.000347
2024-09-02,4549.664536
2024-09-03,4565.000112
2024-09-04,4543.957259
2024-09-05,4560.000245
2024-09-06,4560.000347
2024-09-09,4550.355638
2024-09-10,4535.00033
2024-09-11,4534.999871
2024-09-12,4551.0001
2024-09-13,4551.000347
2024-09-16,4560.000048
2024-09-17,4530.447377
2024-09-18,4559.999946
2024-09-19,4554.999936
2024-09-20,4524.124331
2024-09-23,4549.999932
2024-09-24,4545.000206
2024-09-25,4534.387494
2024-09-26,4525.442726
2024-09-27,4551.000347
2024-09-30,4550.99991
2024-10-01,4545.000146
2024-10-02,4545.0004
2024-10-03,4541.499755
2024-10-04,4599.134987
2024-10-07,4560.999582
2024-10-08,4574.999845
2024-10-09,4574.999947
2024-10-10,4580.000062
2024-10-11,4585.000347
2024-10-14,4601.564074
2024-10-15,4584.999792
2024-10-16,4586.000145
2024-10-17,4585.00033
2024-10-18,4595.000347
2024-10-21,4594.999997
2024-10-22,4595.999538
2024-10-23,4595.999965
2024-10-24,4614.999637
2024-10-25,4617.919899
2024-10-28,4609.999846
2024-10-29,4615.000118
2024-10-30,4619.999491
2024-10-31,4619.999883
2024-11-01,4615.000347
2024-11-04,4615.000332
2024-11-05,4615.000283
2024-11-06,4619.999778
2024-11-07,4615.000067
2024-11-08,4640.000347
2024-11-11,4605.614911
2024-11-12,4649.999888
2024-11-13,4654.999475
2024-11-14,4660.000347
2024-11-15,4665.000347
2024-11-18,4659.999852
2024-11-19,4663.999873
2024-11-20,4670.000202
2024-11-21,4671.000031
2024-11-22,4670.000347
2024-11-25,4678.999909
2024-11-26,4678.999423
2024-11-27,4681.330273
2024-11-28,4668.530541
2024-11-29,4695.000347
2024-12-02,4690.000081
2024-12-03,4694.999669
2024-12-04,4689.999711
2024-12-05,4690.000191
2024-12-06,4688.053589
2024-12-09,4686.641272
2024-12-10,4714.265356
2024-12-11,4684.736091
2024-12-12,4727.74046
2024-12-13,4728.506356
2024-12-16,4683.972374
2024-12-17,4686.606428
2024-12-18,4652.979565
2024-12-19,4690.624519
2024-12-20,4716.894911
2024-12-23,4720.07355
2024-12-24,4713.901828
2024-12-25,4709.215771
2024-12-26,4709.215771
2024-12-27,4691.39942
2024-12-30,4666.778259
2024-12-31,4666.778259
2025-01-01,4666.778259
2025-01-02,4736.093231
2025-01-03,4734.986451
2025-01-06,4690.000044
2025-01-07,4695.000008
2025-01-08,4694.999897
2025-01-09,4734.262001
2025-01-10,4735.048874
2025-01-13,4705.000407
2025-01-14,4704.999979
2025-01-15,4710.000083
2025-01-16,4710.000196
2025-01-17,4689.289666
2025-01-20,4689.627107
2025-01-21,4707.498252
2025-01-22,4719.99978
2025-01-23,4710.000096
2025-01-24,4700.000347
2025-01-27,4695.00002
2025-01-28,4694.999561
2025-01-29,4689.999966
2025-01-30,4689.999932
2025-01-31,4648.474193
2025-02-03,4700.000126
2025-02-04,4699.9997
2025-02-05,4692.084928
2025-02-06,4699.999693
2025-02-07,4705.000347
2025-02-10,4704.999551
2025-02-11,4704.999729
2025-02-12,4710.00017
2025-02-13,4709.999901
2025-02-14,4715.000347
2025-02-17,4723.583092
2025-02-18,4721.797084
2025-02-19,4732.80966
2025-02-20,4720.000011
2025-02-21,4720.000347
2025-02-24,4716.620724
2025-02-25,4724.669681
2025-02-26,4719.999645
2025-02-27,4710.125499
2025-02-28,4725.000347
2025-03-03,4721.725112
2025-03-04,4724.999841
2025-03-05,4730.000026
2025-03-06,4652.261079
2025-03-07,4700.000347
2025-03-10,4693.345651
2025-03-11,4683.108869
2025-03-12,4654.217117
2025-03-13,4678.728823
2025-03-14,4678.610548
2025-03-17,4675.000368
2025-03-18,4675.000186
2025-03-19,4674.999878
2025-03-20,4665.00022
2025-03-21,4670.000347
2025-03-24,4655.705067
2025-03-25,4692.290333
2025-03-26,4664.999735
2025-03-27,4679.345745
2025-03-28,4674.973318
2025-03-31,4664.999861
2025-04-01,4659.999836
2025-04-02,4670.178386
2025-04-03,4659.999981
2025-04-04,4619.406928
2025-04-07,4660.000329
2025-04-08,4633.203922
2025-04-09,4660.000193
2025-04-10,4655.000107
2025-04-11,4655.000347
2025-04-14,4589.478017
2025-04-15,4539.674017
2025-04-16,4552.79402
2025-04-17,4552.892736
2025-04-18,4552.892736
2025-04-21,4552.892736
2025-04-22,4525.00007
2025-04-23,4538.060516
2025-04-24,4496.976988
2025-04-25,4512.503755
2025-04-28,4512.499903
2025-04-29,4509.999843
2025-04-30,4510.000332
2025-05-01,4453.70399
2025-05-02,4500.000347
2025-05-05,4454.999561
2025-05-06,4439.999546
2025-05-07,4445.000375
2025-05-08,4478.292231
2025-05-09,4465.000347
2025-05-12,4469.999946
2025-05-13,4485.000192
2025-05-14,4530.000137
2025-05-15,4535.000168
2025-05-16,4496.797599
2025-05-19,4500.370228
2025-05-20,4520.000175
2025-05-21,4530.000306
2025-05-22,4489.064815
2025-05-23,4464.08937
2025-05-26,4550.52577
2025-05-27,4565.827688
2025-05-28,4539.613426
2025-05-29,4547.992803
2025-05-30,4570.258908
2025-06-02,4534.571732
2025-06-03,4554.486785
2025-06-04,4520.000017
2025-06-05,4480.000056
2025-06-06,4485.000347
2025-06-09,4487.000557
2025-06-10,4486.999666
2025-06-11,4489.999779
2025-06-12,4490.000079
2025-06-13,4495.694691
2025-06-16,4435.000043
2025-06-17,4425.000371
2025-06-18,4425.000217
2025-06-19,4434.999732
2025-06-20,4471.378834
2025-06-23,4442.507192
2025-06-24,4443.333707
2025-06-25,4435.000214
2025-06-26,4434.99979
2025-06-27,4435.000347
2025-06-30,4430.000493
2025-07-01,4430.000317
2025-07-02,4390.016526
2025-07-03,4434.999877
2025-07-04,4498.463732
2025-07-07,4429.999683
2025-07-08,4429.999876
2025-07-09,4430.000113
2025-07-10,4430.000215
2025-07-11,4430.000347
2025-07-14,4429.999659
2025-07-15,4429.999825
2025-07-16,4429.999598
2025-07-17,4465.113072
2025-07-18,4430.000347
2025-07-21,4430.000255
2025-07-22,4429.999953
2025-07-23,4430.000209
2025-07-24,4429.999791
2025-07-25,4409.073499
2025-07-28,4429.999905
2025-07-29,4429.999678
2025-07-30,4429.999715
2025-07-31,4430.000183
2025-08-01,4430.000347
2025-08-04,4482.267785
2025-08-05,4435.000234
2025-08-06,4434.999879
2025-08-07,4435.000313
2025-08-08,4409.78827
2025-08-11,4435.000318
2025-08-12,4439.999758
2025-08-13,4439.99957
2025-08-14,4439.999572
2025-08-15,4440.000347
2025-08-18,4439.999886
2025-08-19,4434.999644
2025-08-20,4403.227604
2025-08-21,4435.000071
2025-08-22,4426.39979
2025-08-25,4459.999673
2025-08-26,4460.000241
2025-08-27,4462.500677
2025-08-28,4396.630364
2025-08-29,4475.000347
2025-09-01,4407.544338
2025-09-02,4474.99982
2025-09-03,4475.000354
2025-09-04,4463.519313
2025-09-05,4470.000347
2025-09-08,4477.503093
2025-09-09,4472.533829
2025-09-10,4472.498647
2025-09-11,4469.999588
2025-09-12,4475.000347
2025-09-15,4474.999909
2025-09-16,4469.999843
2025-09-17,4392.800875
2025-09-18,4465.000184
2025-09-19,4422.859379
2025-09-22,4464.999742
2025-09-23,4465.000166
2025-09-24,4455.000083
2025-09-25,4449.999782
2025-09-26,4450.000347
2025-09-29,4464.999821
2025-09-30,4465.000025
2025-10-01,4465.000268
2025-10-02,4465.999981
2025-10-03,4473.000347
2025-10-06,4472.999704
2025-10-07,4460.035509
2025-10-08,4475.000132
2025-10-09,4500.118994
2025-10-10,4478.801059
2025-10-13,4485.161045
2025-10-14,4504.999601
2025-10-15,4492.973289
2025-10-16,4515.000234
2025-10-17,4460.819847
2025-10-20,4464.860688
2025-10-21,4515.00011
2025-10-22,4514.999675
2025-10-23,4519.99965
2025-10-24,4530.000347
2025-10-27,4519.999388
2025-10-28,4521.999576
2025-10-29,4515.000255
2025-10-30,4509.999869
2025-10-31,4510.000347
2025-11-03,4484.999936
2025-11-04,4484.999976
2025-11-05,4499.999994
2025-11-06,4499.999885
2025-11-07,4492.856402
2025-11-10,4494.683382
2025-11-11,4487.500648
2025-11-12,4500.00026
2025-11-13,4499.999932
2025-11-14,4495.000347
2025-11-17,4494.999794
2025-11-18,4484.999983
2025-11-19,4489.999812
2025-11-20,4512.408036
2025-11-21,4490.000347
2025-11-24,4484.999506
2025-11-25,4490.603876
2025-11-26,4492.502138
2025-11-27,4483.337433
2025-11-28,4478.16528
2025-12-01,4474.976311
2025-12-02,4494.999657
2025-12-03,4485.000377
2025-12-04,4485.000129
2025-12-05,4487.000347
2025-12-08,4459.342301
2025-12-09,4489.999952
2025-12-10,4442.06926
2025-12-11,4504.999396
2025-12-12,4510.000347
2025-12-15,4509.9998
2025-12-16,4514.999535
2025-12-17,4525.000213
2025-12-18,4528.000221
2025-12-19,4548.055164
2025-12-22,4547.499356
2025-12-23,4560.000311
2025-12-24,4573.672337
2025-12-25,4573.672337
2025-12-26,4573.672337
2025-12-29,4574.999864
2025-12-30,4580.000023
2025-12-31,4593.353608
2026-01-01,4593.353608
2026-01-02,4580.000347
2026-01-05,4594.999621
2026-01-06,4597.000145
2026-01-07,4595.000324
2026-01-08,4594.999974
2026-01-09,4582.503755
2026-01-12,4560.000217
2026-01-13,4554.999705
2026-01-14,4549.999851
2026-01-15,4549.999988
2026-01-16,4555.000347
2026-01-19,4532.383069
2026-01-20,4554.999535
2026-01-21,4535.000174
2026-01-22,4514.999576
2026-01-23,4523.383593
2026-01-26,4502.736842
2026-01-27,4475.000281
2026-01-28,4459.737093
2026-01-29,4475.00012
2026-01-30,4437.503755
2026-02-02,4449.999757
2026-02-03,4429.877932
2026-02-04,4427.744491
2026-02-05,4440.000003
2026-02-06,4426.402808
2026-02-09,4435.000025
2026-02-10,4435.999786
2026-02-11,4430.000304
2026-02-12,4405.000174
2026-02-13,4395.000347
2026-02-16,4364.820023
2026-02-17,4370.464135
2026-02-18,4344.999982
2026-02-19,4335.000049
2026-02-20,4325.000347
2026-02-23,4268.918106
2026-02-24,4272.161306
2026-02-25,4191.363251
2026-02-26,4250.999541
2026-02-27,4210.000347
2026-03-02,4200.000186
2026-03-03,4185.000246
2026-03-04,4181.999947
2026-03-05,4131.647837
2026-03-06,4185.000347
2026-03-09,4180.00013
2026-03-10,4170.000313
2026-03-11,4170.000142
2026-03-12,4159.592898
2026-03-13,4155.000347
2026-03-16,4154.999709
2026-03-17,4165.000136
2026-03-18,4170.000104
2026-03-19,4164.999969
2026-03-20,4170.000347
2026-03-23,4165.00007
2026-03-24,4167.402285
2026-03-25,4169.999816
2026-03-26,4163.217544
2026-03-27,4175.000347
2026-03-30,4192.881264
2026-03-31,4177.999459
2026-04-01,4174.999845
2026-04-02,4164.999652
2026-04-03,4171.343141
2026-04-06,4160.999555
2026-04-07,4165.498701
2026-04-08,4137.498433
2026-04-09,4150.000264
2026-04-10,4145.000347
2026-04-13,4135.00019
2026-04-14,4129.999849
2026-04-15,4136.999485
2026-04-16,4151.952462
2026-04-17,4139.000347
2026-04-20,4145.999756
2026-04-21,4140.000272
2026-04-22,4137.000403
2026-04-23,4145.000072
2026-04-24,4145.503755
2026-04-27,4145.00025
2026-04-28,4148.999957
2026-04-29,4149.999629
2026-04-30,4159.999779
2026-05-01,4150.000347
2026-05-04,4154.999829
2026-05-05,4164.261248
2026-05-06,4159.99987
2026-05-07,4159.536883
2026-05-08,4165.000347
2026-05-11,4170.000365
2026-05-12,4179.089221
2026-05-13,4174.999886
2026-05-14,4177.506465
2026-05-15,4183.000347
2026-05-18,4184.999912
2026-05-19,4196.357878
2026-05-20,4184.999491
2026-05-21,4190.000174
2026-05-22,4202.818553
2026-05-25,4201.521892
2026-05-26,4194.999919
2026-05-27,4202.803301
2026-05-28,4190.000479
2026-05-29,4190.000347
2026-06-01,4205.202188
2026-06-02,4184.999823
2026-06-03,4204.999975
2026-06-04,4204.720215
2026-06-05,4200.000347
2026-06-08,4199.999912
2026-06-09,4205.000419
2026-06-10,4196.561175
2026-06-11,4195.143515
2026-06-12,4200.000347
2026-06-15,4155.30719
2026-06-16,4200.000101
2026-06-17,4199.999949
2026-06-18,4199.999949
2026-06-19,4200.000347
2026-06-22,4219.387176
2026-06-23,4185.964758
2026-06-24,4224.999637
2026-06-25,4252.569389
2026-06-26,4225.000347
2026-06-29,4248.130009
2026-06-30,4235.551664
2026-07-01,4287.459405
2026-07-02,4279.999531
2026-07-03,4243.802195
2026-07-06,4238.176798
2026-07-07,4290.000179
2026-07-08,4290.000104
2026-07-09,4294.999616
2026-07-10,4295.000347
2026-07-13,4299.99976
2026-07-14,4295.000109
2026-07-15,4233.201064
2026-07-16,4230.544637
