date,Vrai_Prix,Pred_SVR,Pred_MLP,Pred_XGBoost,Pred_LSTM,Pred_Benchmark (Marche Aléatoire)
2026-04-24,4145.503755,4145.010518598605,4145.166927204855,4145.5316487526625,4145.1997603302925,4145.000072
2026-04-27,4145.00025,4145.514201819179,4145.67090714359,4146.035331752662,4145.702063750987,4145.503755
2026-04-28,4148.999957,4145.010696598678,4145.1671053097925,4145.531826752663,4145.199937853456,4145.00025
2026-04-29,4149.999629,4149.010405257142,4149.169170276882,4145.879971657974,4149.188685407025,4148.999957
2026-04-30,4159.999779,4150.010077638174,4150.16943161847,4146.879643657974,4150.185616710953,4149.999629
2026-05-01,4150.000347,4160.010230698892,4160.174755914411,4156.879793657974,4160.1583159110105,4159.999779
2026-05-04,4154.999829,4150.010795638444,4150.170150041757,4146.880361657974,4150.186332744,4150.000347
2026-05-05,4164.261248,4155.010279340522,4155.172579411157,4151.879843657975,4155.172098821167,4154.999829
2026-05-06,4159.99987,4164.271700580359,4164.437520474018,4147.212971098755,4164.408112086389,4164.261248
2026-05-07,4159.536883,4160.010321698912,4160.174846942076,4156.879884657974,4160.158406657691,4159.99987
2026-05-08,4165.000347,4159.547334587751,4159.711719186094,4156.416897657974,4159.696691993339,4159.536883
2026-05-11,4170.000365,4165.010799707055,4165.176844172781,4147.952070098755,4165.145216685173,4165.000347
2026-05-12,4179.089221,4170.0108183583125,4170.178382263941,4161.055424432983,4170.131732698312,4170.000365
2026-05-13,4174.999886,4179.099674607319,4179.269245443576,4180.798376082703,4179.196001573726,4179.089221
2026-05-14,4177.506465,4175.010339646303,4175.179423204005,4176.709041082702,4175.117736065231,4174.999886
2026-05-15,4183.000347,4177.516918651971,4177.68664650055,4179.215620082703,4177.617531348851,4177.506465
2026-05-18,4184.999912,4183.010800335366,4183.179983342309,4184.709502082703,4183.096650403378,4183.000347
2026-05-19,4196.357878,4185.010365106657,4185.1793499253545,4186.709067082703,4185.091145581305,4184.999912
2026-05-20,4184.999491,4196.368328633724,4196.535603096648,4199.332545072296,4196.4239704240945,4196.357878
2026-05-21,4190.000174,4185.009944106717,4185.17892896713,4186.708646082702,4185.090725639287,4184.999491
2026-05-22,4202.818553,4190.010626265882,4190.179116231223,4192.974841072296,4190.0799689433325,4190.000174
2026-05-25,4201.521892,4202.829001316366,4202.994508250769,4205.793220072296,4202.873228012827,4202.818553
2026-05-26,4194.999919,4201.532340835405,4201.698202459803,4204.496559072296,4201.578641343872,4201.521892
2026-05-27,4202.803301,4195.010370035883,4195.178016097737,4197.974586072296,4195.068842778832,4194.999919
2026-05-28,4190.000479,4202.813749322633,4202.979260428921,4205.777968072296,4202.8580004283795,4202.803301
2026-05-29,4190.000347,4190.010931265817,4190.179421211094,4192.975146072296,4190.080273287682,4190.000479
2026-06-01,4205.202188,4190.010799265844,4190.179289219806,4192.975014072296,4190.080141578254,4190.000347
2026-06-02,4184.999823,4205.212635290874,4205.377490274635,4208.176855072296,4205.2532387002475,4205.202188
2026-06-03,4204.999975,4185.010276106669,4185.179260934186,4186.708978082703,4185.09105677502,4184.999823
2026-06-04,4204.720215,4205.010422381467,4205.175332669132,4207.974642072296,4205.05133051095,4204.999975
2026-06-05,4200.000347,4204.730662505717,4204.895649306958,4207.694882072296,4204.771992094603,4204.720215
2026-06-08,4199.999912,4200.010796409779,4200.177074273859,4202.975014072296,4200.059541169939,4200.000347
2026-06-09,4205.000419,4200.010361409934,4200.176639393023,4202.974579072296,4200.059106892645,4199.999912
2026-06-10,4196.561175,4205.010866381285,4205.175776547503,4207.975086072296,4205.051773832947,4205.000419
2026-06-11,4195.143515,4196.571625570996,4196.738844405198,4199.535842072296,4196.626855108964,4196.561175
2026-06-12,4200.000347,4195.153965994746,4195.3215727608585,4198.118182072296,4195.212139474108,4195.143515
2026-06-15,4155.30719,4200.010796409779,4200.177074273859,4202.975014072296,4200.059541169939,4200.000347
2026-06-16,4200.000101,4155.317640434006,4155.480121611211,4152.187204657975,4155.478616072717,4155.30719
2026-06-17,4199.999949,4200.010550409867,4200.1768283412475,4202.974768072296,4200.059295594621,4200.000101
2026-06-18,4199.999949,4200.010398409928,4200.176676382887,4202.974616072296,4200.05914382559,4199.999949
2026-06-19,4200.000347,4200.010398409928,4200.176676382887,4202.974616072296,4200.05914382559,4199.999949
2026-06-22,4219.387176,4200.010796409779,4200.177074273859,4202.975014072296,4200.059541169939,4200.000347
2026-06-23,4185.964758,4219.3976152394835,4219.558592420208,4196.056117497803,4219.417819112958,4219.387176
2026-06-24,4224.999637,4185.975210974435,4186.144100183627,4188.939425072296,4186.053649938329,4185.964758
2026-06-25,4252.569389,4225.010072110732,4225.169515935197,4201.668578497803,4225.022143758571,4224.999637
2026-06-26,4225.000347,4252.57979567775,4252.7319324311975,4257.5350896263735,4252.5516649330275,4252.569389
2026-06-29,4248.130009,4225.010782110174,4225.170225740699,4201.669288497803,4225.02285272294,4225.000347
2026-06-30,4235.551664,4248.140421197575,4248.293551570411,4246.423908178505,4248.118614201245,4248.130009
2026-07-01,4287.459405,4235.562089854376,4235.718652298924,4233.845563178505,4235.558692445601,4235.551664
2026-07-02,4279.999531,4287.469754940134,4287.614506301802,4296.3861141751095,4287.390396694331,4287.459405
2026-07-03,4243.802195,4280.009895122358,4280.156223511952,4288.92624017511,4279.941718160254,4279.999531
2026-07-06,4238.176798,4243.812612224396,4243.966923137518,4242.096094178505,4243.796956005044,4243.802195
2026-07-07,4290.000179,4238.187221242822,4238.3430671662345,4236.470697178505,4238.179938956164,4238.176798
2026-07-08,4290.000104,4290.010523846385,4290.1547383482275,4293.309188552002,4289.92732898126,4290.000179
2026-07-09,4294.999616,4290.010448846526,4290.154663364226,4293.309113552002,4289.927254070667,4290.000104
2026-07-10,4295.000347,4295.009950427525,4295.153108955566,4298.308625552002,4294.919164019767,4294.999616
2026-07-13,4299.99976,4295.0106814259625,4295.153839799641,4298.309356552002,4294.919893931982,4295.000347
2026-07-14,4295.000109,4300.010083476217,4300.152186412098,4303.308769552002,4299.911648584494,4299.99976
2026-07-15,4233.201064,4295.0104434264695,4295.153601850407,4298.309118552002,4294.919656304511,4295.000109
2026-07-16,4230.544637,4233.211492087565,4233.368696225406,4231.494963178505,4233.211560944189,4233.201064
