date,mga_usd_lag1,brent_lag1,ipc_lag1,taux_directeur_lag1,reserves_mois_import_lag1,target_diff
2018-02-01,-1.7915964916107714,-0.21746268443669223,-1.3820844833907642,0.7319123744028909,-1.374569802348749,-70.20872117826093
2018-03-01,-1.9512672693588387,-0.42539228037093413,-1.3554802466848814,0.7319123744028909,-1.374569802348749,-27.808988663636683
2018-04-01,-2.014511304769142,-0.3867257297477677,-1.318728606590588,0.7319123744028909,-1.374569802348749,70.07566245887483
2018-05-01,-1.8551431331482624,-0.04996265619162878,-1.2957052757915488,0.7319123744028909,-1.374569802348749,36.8115617743274
2018-06-01,-1.7714251761767312,0.2193245542576293,-1.2850121675986945,0.7319123744028909,-1.374569802348749,51.521865701863135
2018-07-01,-1.6542526051686273,0.07716753722112196,-1.2566129679823286,0.7319123744028909,-1.374569802348749,2.727139564934987
2018-08-01,-1.6480504626419874,0.06883486354070915,-1.2298193130798623,0.7319123744028909,-1.374569802348749,34.04861042885341
2018-09-01,-1.5706160924216204,-0.026610039329804814,-1.2051227882110007,0.7319123744028909,-1.374569802348749,88.03929638478303
2018-10-01,-1.3703944861847084,0.32527340480219535,-1.1872633582473975,0.7319123744028909,-1.374569802348749,85.42245839782572
2018-11-01,-1.1761241713202353,0.4436883885948517,-1.1710951621818633,0.7319123744028909,-1.374569802348749,107.71913810671913
2018-12-01,-0.9311460792655277,-0.4568777206063974,-1.1383889535717493,0.7319123744028909,-1.374569802348749,-52.609346835497035
2019-01-01,-1.0507918324578336,-0.865341881989144,-1.0635146464364613,0.7319123744028909,-1.374569802348749,18.13132064182173
2019-02-01,-1.0095570396871647,-0.7521244236527215,-1.0376004331609903,0.7319123744028909,0.5245222064448168,-17.98125361086977
2019-03-01,-1.050450545518771,-0.5004394925696987,-1.0130301870898515,0.7319123744028909,0.5245222064448168,2.2477574928570903
2019-04-01,-1.045338628066774,-0.3799839371650799,-0.998981670843229,0.7319123744028909,0.5245222064448168,50.69598599350638
2019-05-01,-0.9300442974417251,-0.0982244104378505,-0.987634618876455,0.7319123744028909,0.5245222064448168,45.314473907114916
2019-06-01,-0.8269887628789638,-0.09355710765377809,-0.97268411121753,0.7319123744028909,0.5245222064448168,-8.777558093478547
2019-07-01,-0.8469509485447031,-0.4860605130769362,-0.9362662079457883,-1.763243447425147,0.5245222064448168,4.5602196152176475
2019-08-01,-0.8365799604331969,-0.5027273853769507,-0.9319727288232249,-1.763243447425147,0.5245222064448168,55.93061861660044
2019-09-01,-0.709380871423037,-0.7724611271660865,-0.9116102726904806,-1.763243447425147,0.5245222064448168,48.33610496103893
2019-10-01,-0.5994534529639323,-0.5631447473705085,-0.9017740563393138,-1.763243447425147,0.5245222064448168,-76.42232179503071
2019-11-01,-0.7732553874464523,-0.7353398395792676,-0.8882216353694584,-1.763243447425147,0.5245222064448168,18.29500708074511
2019-12-01,-0.7316483340709599,-0.5418396294041266,-0.8752894314902541,-1.763243447425147,0.5245222064448168,-51.25111833766232
2020-01-01,-0.8482051633095276,-0.32033487388466375,-0.8436226699881271,-1.763243447425147,0.5245222064448168,41.43494469169991
2020-02-01,-0.7539725703518253,-0.5178626930704571,-0.8215915297426222,-1.763243447425147,-0.3959382556486141,29.868037417391406
2020-03-01,-0.6860457845592943,-0.959654324177986,-0.7999572657185297,-1.763243447425147,-0.3959382556486141,10.185580777272662
2020-04-01,-0.662881431509855,-2.2673470948166394,-0.7638776092264021,-1.763243447425147,-0.3959382556486141,62.33481174999906
2020-05-01,-0.5211177345521683,-3.0212958127201093,-0.7368178668573065,-1.763243447425147,-0.3959382556486141,38.14245751082308
2020-06-01,-0.43437301461185573,-2.4129296314826436,-0.7323079097957909,-1.1249477720737884,-0.3959382556486141,9.005123398269006
2020-07-01,-0.41389329311018935,-1.810789357845389,-0.7142680815497268,-1.1249477720737884,-0.3959382556486141,13.428438624504906
2020-08-01,-0.3833539355612474,-1.6462409769109185,-0.705248167426694,-1.1249477720737884,-0.3959382556486141,-2.3554091656310447
2020-09-01,-0.38871067767361744,-1.5636267666412969,-0.6872083391806313,-1.1249477720737884,-0.3959382556486141,26.77020258657967
2020-10-01,-0.32782908069053485,-1.7752441183300633,-0.6601485968115345,-1.1249477720737884,-0.3959382556486141,63.364815409091534
2020-11-01,-0.1837229185437574,-1.8150628307715595,-0.6421087685654716,-1.1249477720737884,-0.3959382556486141,-9.98426347186114
2020-12-01,-0.2064294297440683,-1.676646598859502,-0.6240689403194075,-1.1249477720737884,-0.3959382556486141,-143.17504501035182
2021-01-01,-0.5320424078365382,-1.272859668744641,-0.5834793267657636,-1.1249477720737884,-0.3959382556486141,28.463373962732476
2021-02-01,-0.46731014976813745,-1.0084875506860989,-0.5338697990890883,-1.1249477720737884,-0.9759039691774641,-41.1393722214284
2021-03-01,-0.5608705429561082,-0.593571036668977,-0.5113200137815085,-1.1249477720737884,-0.9759039691774641,18.251618258696
2021-04-01,-0.5193621657400144,-0.42027668189754736,-0.4684754216971061,-1.1249477720737884,-0.9759039691774641,14.204471754940641
2021-05-01,-0.48705793038934836,-0.4536525054509405,-0.42157186825734044,-1.1249477720737884,-0.9759039691774641,-32.31697083982681
2021-06-01,-0.560554153961848,-0.24749607001690135,-0.39180615165133525,-0.8754321898909847,-0.9759039691774641,31.95927797619015
2021-07-01,-0.48787140621932096,0.008553757205665577,-0.36158943933917886,-0.8754321898909847,-0.9759039691774641,45.67602822727304
2021-08-01,-0.38399361398644427,0.1192618440695241,-0.33994164544390143,-0.8754321898909847,-0.9759039691774641,42.80315136363561
2021-09-01,-0.28664940441243325,-0.12511257538677092,-0.3124309073686547,-0.8754321898909847,-0.9759039691774641,47.31573054545515
2021-10-01,-0.17904255202825856,0.08180611077543908,-0.2898811220610749,-0.8754321898909847,-0.9759039691774641,29.841164506492987
2021-11-01,-0.11117688141503153,0.5822752783771433,-0.27995921652573985,-0.8754321898909847,-0.9759039691774641,30.71244422077916
2021-12-01,-0.041329720364698196,0.44467423835940545,-0.2605664011612209,-0.4286252171450337,-0.9759039691774641,-20.76453679841825
2022-01-01,-0.08855305223202743,0.06421065460127047,-0.21817280478297094,-0.4286252171450337,-0.9759039691774641,22.88855086335343
2022-02-01,-0.03649922392487635,0.7463694564346592,-0.1730732341678113,-0.4286252171450337,-0.7709478477465055,7.8950783714285535
2022-03-01,-0.018544000089546465,1.3339035124522156,-0.1279736635526517,-0.4286252171450337,-0.7709478477465055,17.28696059130516
2022-04-01,0.02077052375010073,2.4464061176119087,-0.08738404999900778,-0.4286252171450337,-0.7709478477465055,-5.597500962733648
2022-05-01,0.008040519312390294,1.745709917240994,-0.042284479383848154,-0.4286252171450337,-0.7709478477465055,1.9985968441565092
2022-06-01,0.012585788150161297,2.230301208189586,0.0028150912313114644,-0.4286252171450337,-0.7709478477465055,35.544278909090735
2022-07-01,0.09342165245110565,2.748681853492772,0.06595449009253519,0.006576379685438031,-0.7709478477465055,108.99636505627723
2022-08-01,0.34130445231097234,2.1522175558158834,0.2689025578607535,0.006576379685438031,-0.7709478477465055,-16.5406315859218
2022-09-01,0.3036872522616693,1.517366218980328,0.37263157027561983,0.006576379685438031,-0.7709478477465055,4.808105075098865
2022-10-01,0.31462198891477294,0.9266334026397149,0.4222410979522965,0.2676973377837212,-0.7709478477465055,101.45592317748833
2022-11-01,0.5453560898787664,1.123909841065146,0.18321337369194995,0.6158586152480984,-0.7709478477465055,75.28589173160253
2022-12-01,0.7165735210540242,1.0179229242911538,0.3185120855374288,0.6158586152480984,-0.7709478477465055,107.8182045681815
2023-01-01,0.9617769130242548,0.4377059636821441,0.4718506256289718,0.6158586152480984,-0.7709478477465055,-21.55718484090903
2023-02-01,0.9127509172242834,0.5249437062970259,0.5575398097977753,0.6158586152480984,1.1289197755084828,-100.1492354636357
2023-03-01,0.6849885246185002,0.5295655211339855,0.6206792086589977,0.6158586152480984,1.1289197755084828,23.652344273912604
2023-04-01,0.738779394789627,0.3000188192482688,0.715388306950834,0.6158586152480984,1.1289197755084828,63.51088802608683
2023-05-01,0.8832177596595407,0.6431225899486235,0.751467963442961,0.6158586152480984,1.1289197755084828,23.35093806086934
2023-06-01,0.9363231627882963,0.13585800186868763,0.7785277058120564,0.7319123744028909,1.1289197755084828,55.47228455731329
2023-07-01,1.0624798947452778,0.10118756739942554,0.8146073623041846,0.7319123744028909,1.1289197755084828,39.015862086579546
2023-08-01,1.151210937546331,0.3925833566072358,0.8236272764272161,0.7319123744028909,1.1289197755084828,-19.94214768737038
2023-09-01,1.1058579076410493,0.726597761106491,0.8506870187963129,0.7319123744028909,1.1289197755084828,15.61278202070389
2023-10-01,1.141364964402948,1.145504645431566,0.8822567182269241,0.8769795733463815,1.1289197755084828,27.957818489177043
2023-11-01,1.2049474730626901,0.9725989731977058,0.9002965464729882,0.8769795733463815,1.1289197755084828,-19.866904318181696
2023-12-01,1.1597655638825424,0.549198358518334,0.922846331780568,0.8769795733463815,1.1289197755084828,69.71127868614712
2024-01-01,1.3183050430074785,0.2555935687541709,0.9950056447648231,0.8769795733463815,1.1289197755084828,-8.324934356107406
2024-02-01,1.2993722278096873,0.39346797747346596,1.0626550006875626,0.8769795733463815,1.1252356068167249,-25.725559643892666
2024-03-01,1.2408663891131622,0.5789570523403519,1.148344184856366,0.8769795733463815,1.1252356068167249,-71.53546247619033
2024-04-01,1.078178296545003,0.6857157080486596,1.243053283148201,0.8769795733463815,1.1252356068167249,-84.55541598268428
2024-05-01,0.8858798355249363,0.9362193889682241,1.283642896701845,0.8769795733463815,1.1252356068167249,52.852452754940714
2024-06-01,1.0060784674847414,0.48317619443709614,1.3152125961324561,0.8769795733463815,1.1252356068167249,34.252946808695924
2024-07-01,1.0839775456237848,0.5108175440261143,1.3422723385015518,0.8769795733463815,1.1252356068167249,42.63430723478268
2024-08-01,1.1809377648199666,0.671588000020277,1.37835199499368,0.8769795733463815,1.1252356068167249,59.73701679249007
2024-09-01,1.3167934786334752,0.4062512876635434,1.4279615226703553,0.8769795733463815,1.1252356068167249,-29.37852556060625
2024-10-01,1.2499799553755422,0.05570440849108281,1.4640411791624834,1.022046772289872,1.1252356068167249,41.85655676811621
2024-11-01,1.3451713911524783,0.14507209039983576,1.491100921531579,1.022046772289872,1.1252356068167249,63.195628089027196
2024-12-01,1.4888927824256888,0.07387564631160745,1.5362004921467387,1.022046772289872,1.1252356068167249,43.53800824891732
2025-01-01,1.5879082255507075,0.04701249973359862,1.644439461623122,1.022046772289872,1.1252356068167249,6.655068749012571
2025-02-01,1.6030433823416095,0.34625867067729743,1.7842481305301165,1.022046772289872,1.4773645723026454,10.571122578259747
2025-03-01,1.6270845461089323,0.1343094963848521,1.8564074435143716,1.022046772289872,1.4773645723026454,-31.438697147618768
2025-04-01,1.5555857188877273,-0.015295094645342233,1.9015070141295314,1.022046772289872,1.4773645723026454,-98.73875477056208
2025-05-01,1.3310310837440107,-0.2696015679435785,1.9285667564986269,1.022046772289872,1.4773645723026454,-81.22353500000008
2025-06-01,1.1463100863059739,-0.4732023871843695,1.9556264988677237,1.022046772289872,1.4773645723026454,-33.053796991343006
2025-07-01,1.0711381506181803,-0.08653161392725238,1.9962161124213662,1.457248369120344,1.4773645723026454,-36.30729410351887
